{"type": "FeatureCollection", "features": [{"type": "Feature", "geometry": {"type": "Point", "coordinates": [120.453656, 23.496423]}, "properties": {"category": "公共廁所", "name": "耐斯王子大飯店5F男廁", "address": "嘉義市東區義教里忠孝路600號", "toilet_type": "男廁所", "baby_station": false}}, {"type": "Feature", "geometry": {"type": "Point", "coordinates": [120.453656, 23.496423]}, "properties": {"category": "公共廁所", "name": "耐斯王子大飯店5F女廁", "address": "嘉義市東區義教里忠孝路600號", "toilet_type": "女廁所", "baby_station": false}}, {"type": "Feature", "geometry": {"type": "Point", "coordinates": [120.452414, 23.496941]}, "properties": {"category": "公共廁所", "name": "耐斯百貨2F男廁", "address": "嘉義市東區義教里忠孝路600號", "toilet_type": "男廁所", "baby_station": false}}, {"type": "Feature", "geometry": {"type": "Point", "coordinates": [120.452414, 23.496941]}, "properties": {"category": "公共廁所", "name": "耐斯百貨3F男廁", "address": "嘉義市東區義教里忠孝路600號", "toilet_type": "男廁所", "baby_station": false}}, {"type": "Feature", "geometry": {"type": "Point", "coordinates": [120.452414, 23.496941]}, "properties": {"category": "公共廁所", "name": "耐斯百貨4F男廁", "address": "嘉義市東區義教里忠孝路600號", "toilet_type": "男廁所", "baby_station": false}}, {"type": "Feature", "geometry": {"type": "Point", "coordinates": [120.452414, 23.496941]}, "properties": {"category": "公共廁所", "name": "耐斯百貨5F男廁", "address": "嘉義市東區義教里忠孝路600號", "toilet_type": "男廁所", "baby_station": false}}, {"type": "Feature", "geometry": {"type": "Point", "coordinates": [120.452414, 23.496941]}, "properties": {"category": "公共廁所", "name": "耐斯百貨8F男廁", "address": "嘉義市東區義教里忠孝路600號", "toilet_type": "男廁所", "baby_station": false}}, {"type": "Feature", "geometry": {"type": "Point", "coordinates": [120.452414, 23.496941]}, "properties": {"category": "公共廁所", "name": "耐斯百貨2F女廁", "address": "嘉義市東區義教里忠孝路600號", "toilet_type": "女廁所", "baby_station": false}}, {"type": "Feature", "geometry": {"type": "Point", "coordinates": [120.452414, 23.496941]}, "properties": {"category": "公共廁所", "name": "耐斯百貨3F女廁", "address": "嘉義市東區義教里忠孝路600號", "toilet_type": "女廁所", "baby_station": false}}, {"type": "Feature", "geometry": {"type": "Point", "coordinates": [120.452414, 23.496941]}, "properties": {"category": "親子廁所", "name": "耐斯百貨4F女廁", "address": "嘉義市東區義教里忠孝路600號", "toilet_type": "女廁所", "baby_station": true}}, {"type": "Feature", "geometry": {"type": "Point", "coordinates": [120.452414, 23.496941]}, "properties": {"category": "公共廁所", "name": "耐斯百貨5F女廁", "address": "嘉義市東區義教里忠孝路600號", "toilet_type": "女廁所", "baby_station": false}}, {"type": "Feature", "geometry": {"type": "Point", "coordinates": [120.452414, 23.496941]}, "properties": {"category": "公共廁所", "name": "耐斯百貨8F女廁", "address": "嘉義市東區義教里忠孝路600號", "toilet_type": "女廁所", "baby_station": false}}, {"type": "Feature", "geometry": {"type": "Point", "coordinates": [120.445639, 23.489056]}, "properties": {"category": "公共廁所", "name": "台灣中油博愛路加油站男廁", "address": "嘉義市西區香湖里博愛路一段2號", "toilet_type": "男廁所", "baby_station": false}}, {"type": "Feature", "geometry": {"type": "Point", "coordinates": [120.45144, 23.48701]}, "properties": {"category": "公共廁所", "name": "博物館2F男廁", "address": "嘉義市東區北門里忠孝路275-1號", "toilet_type": "男廁所", "baby_station": false}}, {"type": "Feature", "geometry": {"type": "Point", "coordinates": [120.45144, 23.48701]}, "properties": {"category": "公共廁所", "name": "博物館1F男廁", "address": "嘉義市東區北門里忠孝路275-1號", "toilet_type": "男廁所", "baby_station": false}}, {"type": "Feature", "geometry": {"type": "Point", "coordinates": [120.450462, 23.48133]}, "properties": {"category": "公共廁所", "name": "仁武宮", "address": "嘉義市東區中央里北榮街54號", "toilet_type": "混合廁所", "baby_station": false}}, {"type": "Feature", "geometry": {"type": "Point", "coordinates": [120.454317, 23.481786]}, "properties": {"category": "親子廁所", "name": "財稅局1F西側女廁", "address": "嘉義市東區中山里中山路154號", "toilet_type": "女廁所", "baby_station": true}}, {"type": "Feature", "geometry": {"type": "Point", "coordinates": [120.454317, 23.481786]}, "properties": {"category": "公共廁所", "name": "財稅局2F西側男廁", "address": "嘉義市東區中山里中山路154號", "toilet_type": "男廁所", "baby_station": false}}, {"type": "Feature", "geometry": {"type": "Point", "coordinates": [120.4565, 23.48325]}, "properties": {"category": "公共廁所", "name": "財團法人九華山地藏庵男廁", "address": "嘉義市東區中山里民權路255號", "toilet_type": "男廁所", "baby_station": false}}, {"type": "Feature", "geometry": {"type": "Point", "coordinates": [120.453566, 23.481305]}, "properties": {"category": "親子廁所", "name": "市政府1F近中山路男廁", "address": "嘉義市東區東興里中山路199號", "toilet_type": "男廁所", "baby_station": true}}, {"type": "Feature", "geometry": {"type": "Point", "coordinates": [120.453566, 23.481305]}, "properties": {"category": "公共廁所", "name": "市政府2F近中山路男廁", "address": "嘉義市東區東興里中山路199號", "toilet_type": "男廁所", "baby_station": false}}, {"type": "Feature", "geometry": {"type": "Point", "coordinates": [120.453566, 23.481305]}, "properties": {"category": "公共廁所", "name": "市政府3F近中山路男廁", "address": "嘉義市東區東興里中山路199號", "toilet_type": "男廁所", "baby_station": false}}, {"type": "Feature", "geometry": {"type": "Point", "coordinates": [120.453566, 23.481305]}, "properties": {"category": "公共廁所", "name": "市政府6F近中山路男廁", "address": "嘉義市東區東興里中山路199號", "toilet_type": "男廁所", "baby_station": false}}, {"type": "Feature", "geometry": {"type": "Point", "coordinates": [120.453566, 23.481305]}, "properties": {"category": "公共廁所", "name": "市政府7F近中山路男廁", "address": "嘉義市東區東興里中山路199號", "toilet_type": "男廁所", "baby_station": false}}, {"type": "Feature", "geometry": {"type": "Point", "coordinates": [120.453566, 23.481305]}, "properties": {"category": "公共廁所", "name": "市政府8F近中山路男廁", "address": "嘉義市東區東興里中山路199號", "toilet_type": "男廁所", "baby_station": false}}, {"type": "Feature", "geometry": {"type": "Point", "coordinates": [120.453566, 23.481305]}, "properties": {"category": "公共廁所", "name": "市政府9F近中山路男廁", "address": "嘉義市東區東興里中山路199號", "toilet_type": "男廁所", "baby_station": false}}, {"type": "Feature", "geometry": {"type": "Point", "coordinates": [120.454633, 23.481282]}, "properties": {"category": "公共廁所", "name": "警察局1F男廁", "address": "嘉義市東區東興里中山路195號", "toilet_type": "男廁所", "baby_station": false}}, {"type": "Feature", "geometry": {"type": "Point", "coordinates": [120.45343, 23.478719]}, "properties": {"category": "公共廁所", "name": "東區戶政事務所男廁", "address": "嘉義市東區民族里吳鳳北路184號", "toilet_type": "男廁所", "baby_station": false}}, {"type": "Feature", "geometry": {"type": "Point", "coordinates": [120.453664, 23.478876]}, "properties": {"category": "公共廁所", "name": "環保局右側男廁", "address": "嘉義市東區民族里吳鳳北路184號", "toilet_type": "男廁所", "baby_station": false}}, {"type": "Feature", "geometry": {"type": "Point", "coordinates": [120.453664, 23.478876]}, "properties": {"category": "公共廁所", "name": "環保局左側男廁", "address": "嘉義市東區民族里吳鳳北路184號", "toilet_type": "男廁所", "baby_station": false}}, {"type": "Feature", "geometry": {"type": "Point", "coordinates": [120.4535, 23.4787]}, "properties": {"category": "公共廁所", "name": "東區區公所男廁", "address": "嘉義市東區民族里吳鳳北路184號", "toilet_type": "男廁所", "baby_station": false}}, {"type": "Feature", "geometry": {"type": "Point", "coordinates": [120.453859, 23.479066]}, "properties": {"category": "公共廁所", "name": "東市場男廁", "address": "嘉義市東區民族里忠孝路與光彩街", "toilet_type": "男廁所", "baby_station": false}}, {"type": "Feature", "geometry": {"type": "Point", "coordinates": [120.453803, 23.478272]}, "properties": {"category": "公共廁所", "name": "城隍廟男廁", "address": "嘉義市東區民族里吳鳳北路168號", "toilet_type": "男廁所", "baby_station": false}}, {"type": "Feature", "geometry": {"type": "Point", "coordinates": [120.45625, 23.478352]}, "properties": {"category": "公共廁所", "name": "文昌公園男廁", "address": "嘉義市東區民族里蘭井街文昌街口", "toilet_type": "男廁所", "baby_station": false}}, {"type": "Feature", "geometry": {"type": "Point", "coordinates": [120.463629, 23.483796]}, "properties": {"category": "公共廁所", "name": "嘉義公園近啟明路女廁", "address": "嘉義市東區東川里啟明路", "toilet_type": "女廁所", "baby_station": false}}, {"type": "Feature", "geometry": {"type": "Point", "coordinates": [120.464745, 23.483854]}, "properties": {"category": "公共廁所", "name": "嘉義公園近溜冰場男廁", "address": "嘉義市東區東川里嘉義公園近溜冰場旁", "toilet_type": "男廁所", "baby_station": false}}, {"type": "Feature", "geometry": {"type": "Point", "coordinates": [120.467296, 23.482472]}, "properties": {"category": "公共廁所", "name": "嘉義公園遊戲區旁男廁", "address": "嘉義市東區東川里嘉義公園遊戲區旁", "toilet_type": "男廁所", "baby_station": false}}, {"type": "Feature", "geometry": {"type": "Point", "coordinates": [120.468198, 23.482078]}, "properties": {"category": "親子廁所", "name": "嘉義公園射日塔旁男廁", "address": "嘉義市東區東川里嘉義公園射日塔旁", "toilet_type": "男廁所", "baby_station": true}}, {"type": "Feature", "geometry": {"type": "Point", "coordinates": [120.466238, 23.4825141]}, "properties": {"category": "公共廁所", "name": "嘉義公園孔廟旁男廁", "address": "嘉義市東區東川里嘉義公園孔廟旁", "toilet_type": "男廁所", "baby_station": false}}, {"type": "Feature", "geometry": {"type": "Point", "coordinates": [120.462856, 23.476551]}, "properties": {"category": "公共廁所", "name": "228公園男廁", "address": "嘉義市東區東川里大雅路二段695號", "toilet_type": "男廁所", "baby_station": false}}, {"type": "Feature", "geometry": {"type": "Point", "coordinates": [120.457711, 23.485004]}, "properties": {"category": "公共廁所", "name": "長榮公園男廁", "address": "嘉義市東區太平里長榮街", "toilet_type": "男廁所", "baby_station": false}}, {"type": "Feature", "geometry": {"type": "Point", "coordinates": [120.461329, 23.471534]}, "properties": {"category": "公共廁所", "name": "體育場男廁", "address": "嘉義市東區新開里體育路2號", "toilet_type": "男廁所", "baby_station": false}}, {"type": "Feature", "geometry": {"type": "Point", "coordinates": [120.46244, 23.47348]}, "properties": {"category": "公共廁所", "name": "體育館男廁", "address": "嘉義市東區新開里彌陀路381號", "toilet_type": "男廁所", "baby_station": false}}, {"type": "Feature", "geometry": {"type": "Point", "coordinates": [120.479221, 23.46674]}, "properties": {"category": "公共廁所", "name": "蘭潭水庫泛月公園旁男廁", "address": "嘉義市東區蘭潭里蘭潭水庫泛月公園旁", "toilet_type": "男廁所", "baby_station": false}}, {"type": "Feature", "geometry": {"type": "Point", "coordinates": [120.488258, 23.475198]}, "properties": {"category": "公共廁所", "name": "蘭潭水庫土地公廟旁男廁", "address": "嘉義市東區蘭潭里蘭潭水庫土地公廟旁", "toilet_type": "男廁所", "baby_station": false}}, {"type": "Feature", "geometry": {"type": "Point", "coordinates": [120.476437, 23.468344]}, "properties": {"category": "公共廁所", "name": "蘭潭水庫三信亭旁男廁", "address": "嘉義市東區蘭潭里蘭潭水庫三信亭旁", "toilet_type": "男廁所", "baby_station": false}}, {"type": "Feature", "geometry": {"type": "Point", "coordinates": [120.474873, 23.477531]}, "properties": {"category": "公共廁所", "name": "東園軒男廁", "address": "嘉義市東區長竹里二段350號", "toilet_type": "男廁所", "baby_station": false}}, {"type": "Feature", "geometry": {"type": "Point", "coordinates": [120.467011, 23.472863]}, "properties": {"category": "公共廁所", "name": "消防局3F男廁", "address": "嘉義市東區短竹里立學街16號", "toilet_type": "男廁所", "baby_station": false}}, {"type": "Feature", "geometry": {"type": "Point", "coordinates": [120.456224, 23.470478]}, "properties": {"category": "公共廁所", "name": "南田公園男廁", "address": "嘉義市東區興南里南田路", "toilet_type": "男廁所", "baby_station": false}}, {"type": "Feature", "geometry": {"type": "Point", "coordinates": [120.460009, 23.46883]}, "properties": {"category": "公共廁所", "name": "宣信公園男廁", "address": "嘉義市東區芳安里南興路、宣信路口", "toilet_type": "男廁所", "baby_station": false}}, {"type": "Feature", "geometry": {"type": "Point", "coordinates": [120.45799, 23.46637]}, "properties": {"category": "公共廁所", "name": "南興公園男廁", "address": "嘉義市東區頂寮里南興路177號", "toilet_type": "男廁所", "baby_station": false}}, {"type": "Feature", "geometry": {"type": "Point", "coordinates": [120.45403, 23.46903]}, "properties": {"category": "公共廁所", "name": "台灣中油吳鳳路加油站男廁", "address": "嘉義市東區安業里吳鳳南路92號", "toilet_type": "男廁所", "baby_station": false}}, {"type": "Feature", "geometry": {"type": "Point", "coordinates": [120.460422, 23.468295]}, "properties": {"category": "公共廁所", "name": "鎮天宮男廁", "address": "嘉義市東區芳安里芳安路195號", "toilet_type": "男廁所", "baby_station": false}}, {"type": "Feature", "geometry": {"type": "Point", "coordinates": [120.4620409, 23.4585173]}, "properties": {"category": "公共廁所", "name": "河濱運動公園男廁", "address": "嘉義市東區興仁里興仁街50號", "toilet_type": "男廁所", "baby_station": false}}, {"type": "Feature", "geometry": {"type": "Point", "coordinates": [120.458932, 23.456988]}, "properties": {"category": "公共廁所", "name": "南興宮", "address": "嘉義市東區興仁里興仁街245號", "toilet_type": "混合廁所", "baby_station": false}}, {"type": "Feature", "geometry": {"type": "Point", "coordinates": [120.43335, 23.49205]}, "properties": {"category": "公共廁所", "name": "台灣中油北興加油站男廁", "address": "嘉義市西區保生里自由路436號", "toilet_type": "男廁所", "baby_station": false}}, {"type": "Feature", "geometry": {"type": "Point", "coordinates": [120.422047, 23.484857]}, "properties": {"category": "公共廁所", "name": "福懋大嘉加油站男廁", "address": "嘉義市西區北湖里北港路530之15號", "toilet_type": "男廁所", "baby_station": false}}, {"type": "Feature", "geometry": {"type": "Point", "coordinates": [120.428524, 23.48985568]}, "properties": {"category": "公共廁所", "name": "世賢圖書館1F男廁", "address": "嘉義市西區保福里世賢路一段685號", "toilet_type": "男廁所", "baby_station": false}}, {"type": "Feature", "geometry": {"type": "Point", "coordinates": [120.433919, 23.490129]}, "properties": {"category": "公共廁所", "name": "保安宮男廁", "address": "嘉義市西區保安里自由路245號", "toilet_type": "男廁所", "baby_station": false}}, {"type": "Feature", "geometry": {"type": "Point", "coordinates": [120.395861, 23.492993]}, "properties": {"category": "公共廁所", "name": "嘉交加油站男廁", "address": "嘉義市西區竹村里北港路1158號", "toilet_type": "男廁所", "baby_station": false}}, {"type": "Feature", "geometry": {"type": "Point", "coordinates": [120.431026, 23.480005]}, "properties": {"category": "公共廁所", "name": "西區衛生所1F男女廁", "address": "嘉義市西區福全里德明路1號", "toilet_type": "混合廁所", "baby_station": false}}, {"type": "Feature", "geometry": {"type": "Point", "coordinates": [120.431026, 23.480005]}, "properties": {"category": "公共廁所", "name": "西區衛生所2F男女廁", "address": "嘉義市西區福全里德明路1號", "toilet_type": "混合廁所", "baby_station": false}}, {"type": "Feature", "geometry": {"type": "Point", "coordinates": [120.432977, 23.47706]}, "properties": {"category": "公共廁所", "name": "友忠公園男廁", "address": "嘉義市西區福全里友忠路鄰北港路", "toilet_type": "男廁所", "baby_station": false}}, {"type": "Feature", "geometry": {"type": "Point", "coordinates": [120.42893, 23.46881]}, "properties": {"category": "公共廁所", "name": "台灣中油信義加油站男廁", "address": "嘉義市西區西平里博愛路二段519號", "toilet_type": "男廁所", "baby_station": false}}, {"type": "Feature", "geometry": {"type": "Point", "coordinates": [120.4363, 23.47477]}, "properties": {"category": "公共廁所", "name": "番仔溝公園男廁", "address": "嘉義市西區西平里嘉雄陸橋下", "toilet_type": "男廁所", "baby_station": false}}, {"type": "Feature", "geometry": {"type": "Point", "coordinates": [120.426254, 23.478705]}, "properties": {"category": "公共廁所", "name": "南隱宮男廁", "address": "嘉義市西區西平里永春二街33號", "toilet_type": "男廁所", "baby_station": false}}, {"type": "Feature", "geometry": {"type": "Point", "coordinates": [120.421416, 23.476981]}, "properties": {"category": "公共廁所", "name": "港坪里運動公園-1男廁", "address": "嘉義市西區港坪里大同路320號", "toilet_type": "男廁所", "baby_station": false}}, {"type": "Feature", "geometry": {"type": "Point", "coordinates": [120.421416, 23.476981]}, "properties": {"category": "公共廁所", "name": "港坪里運動公園-2男廁", "address": "嘉義市西區港坪里大同路320號", "toilet_type": "男廁所", "baby_station": false}}, {"type": "Feature", "geometry": {"type": "Point", "coordinates": [120.421416, 23.476981]}, "properties": {"category": "公共廁所", "name": "港坪里運動公園-3男廁", "address": "嘉義市西區港坪里大同路320號", "toilet_type": "男廁所", "baby_station": false}}, {"type": "Feature", "geometry": {"type": "Point", "coordinates": [120.441352, 23.473393]}, "properties": {"category": "親子廁所", "name": "新光三越百貨B2男", "address": "嘉義市西區永和里垂楊路726號", "toilet_type": "男廁所", "baby_station": true}}, {"type": "Feature", "geometry": {"type": "Point", "coordinates": [120.441352, 23.473393]}, "properties": {"category": "公共廁所", "name": "新光三越百貨B1女", "address": "嘉義市西區永和里垂楊路726號", "toilet_type": "女廁所", "baby_station": false}}, {"type": "Feature", "geometry": {"type": "Point", "coordinates": [120.441058, 23.473441]}, "properties": {"category": "公共廁所", "name": "新光三越百貨B1男", "address": "嘉義市西區永和里垂楊路726號", "toilet_type": "男廁所", "baby_station": false}}, {"type": "Feature", "geometry": {"type": "Point", "coordinates": [120.441352, 23.473393]}, "properties": {"category": "公共廁所", "name": "新光三越百貨2F女", "address": "嘉義市西區永和里垂楊路726號", "toilet_type": "女廁所", "baby_station": false}}, {"type": "Feature", "geometry": {"type": "Point", "coordinates": [120.441352, 23.473393]}, "properties": {"category": "親子廁所", "name": "新光三越百貨3F女", "address": "嘉義市西區永和里垂楊路726號", "toilet_type": "女廁所", "baby_station": true}}, {"type": "Feature", "geometry": {"type": "Point", "coordinates": [120.441352, 23.473393]}, "properties": {"category": "公共廁所", "name": "新光三越百貨4F女", "address": "嘉義市西區永和里垂楊路726號", "toilet_type": "女廁所", "baby_station": false}}, {"type": "Feature", "geometry": {"type": "Point", "coordinates": [120.441352, 23.473393]}, "properties": {"category": "親子廁所", "name": "新光三越百貨5F女", "address": "嘉義市西區永和里垂楊路726號", "toilet_type": "女廁所", "baby_station": true}}, {"type": "Feature", "geometry": {"type": "Point", "coordinates": [120.441352, 23.473393]}, "properties": {"category": "公共廁所", "name": "新光三越百貨6F男", "address": "嘉義市西區永和里垂楊路726號", "toilet_type": "男廁所", "baby_station": false}}, {"type": "Feature", "geometry": {"type": "Point", "coordinates": [120.441352, 23.473393]}, "properties": {"category": "親子廁所", "name": "新光三越百貨6F女", "address": "嘉義市西區永和里垂楊路726號", "toilet_type": "女廁所", "baby_station": true}}, {"type": "Feature", "geometry": {"type": "Point", "coordinates": [120.441352, 23.473393]}, "properties": {"category": "公共廁所", "name": "新光三越百貨7F男", "address": "嘉義市西區永和里垂楊路726號", "toilet_type": "男廁所", "baby_station": false}}, {"type": "Feature", "geometry": {"type": "Point", "coordinates": [120.441352, 23.473393]}, "properties": {"category": "親子廁所", "name": "新光三越百貨8F女2", "address": "嘉義市西區永和里垂楊路726號", "toilet_type": "女廁所", "baby_station": true}}, {"type": "Feature", "geometry": {"type": "Point", "coordinates": [120.441352, 23.473393]}, "properties": {"category": "公共廁所", "name": "新光三越百貨9F親子廁所", "address": "嘉義市西區永和里垂楊路726號", "toilet_type": "親子廁所", "baby_station": false}}, {"type": "Feature", "geometry": {"type": "Point", "coordinates": [120.441352, 23.473393]}, "properties": {"category": "公共廁所", "name": "新光三越百貨10F男", "address": "嘉義市西區永和里垂楊路726號", "toilet_type": "男廁所", "baby_station": false}}, {"type": "Feature", "geometry": {"type": "Point", "coordinates": [120.441352, 23.473393]}, "properties": {"category": "親子廁所", "name": "新光三越百貨10F女", "address": "嘉義市西區永和里垂楊路726號", "toilet_type": "女廁所", "baby_station": true}}, {"type": "Feature", "geometry": {"type": "Point", "coordinates": [120.441058, 23.473441]}, "properties": {"category": "公共廁所", "name": "新光三越百貨11F男", "address": "嘉義市西區永和里垂楊路726號", "toilet_type": "男廁所", "baby_station": false}}, {"type": "Feature", "geometry": {"type": "Point", "coordinates": [120.441352, 23.473393]}, "properties": {"category": "親子廁所", "name": "新光三越百貨11F女", "address": "嘉義市西區永和里垂楊路726號", "toilet_type": "女廁所", "baby_station": true}}, {"type": "Feature", "geometry": {"type": "Point", "coordinates": [120.441352, 23.473393]}, "properties": {"category": "公共廁所", "name": "新光三越百貨11F無障礙廁所", "address": "嘉義市西區永和里垂楊路726號", "toilet_type": "無障礙廁所", "baby_station": false}}, {"type": "Feature", "geometry": {"type": "Point", "coordinates": [120.441569, 23.475331]}, "properties": {"category": "公共廁所", "name": "遊天宮", "address": "嘉義市西區書院里民族路750號", "toilet_type": "混合廁所", "baby_station": false}}, {"type": "Feature", "geometry": {"type": "Point", "coordinates": [120.448307, 23.479209]}, "properties": {"category": "公共廁所", "name": "地政事務所男廁", "address": "嘉義市西區文化里國華街245號", "toilet_type": "男廁所", "baby_station": false}}, {"type": "Feature", "geometry": {"type": "Point", "coordinates": [120.448307, 23.479209]}, "properties": {"category": "公共廁所", "name": "交通處男廁", "address": "嘉義市西區文化里國華街245號", "toilet_type": "男廁所", "baby_station": false}}, {"type": "Feature", "geometry": {"type": "Point", "coordinates": [120.448395, 23.47939]}, "properties": {"category": "公共廁所", "name": "西市場2F-右側男", "address": "嘉義市西區文化里國華街245號近國華街", "toilet_type": "男廁所", "baby_station": false}}, {"type": "Feature", "geometry": {"type": "Point", "coordinates": [120.448395, 23.47939]}, "properties": {"category": "公共廁所", "name": "西市場2F-左側男", "address": "嘉義市西區文化里國華街245號", "toilet_type": "男廁所", "baby_station": false}}, {"type": "Feature", "geometry": {"type": "Point", "coordinates": [120.44997, 23.47454]}, "properties": {"category": "公共廁所", "name": "台灣中油文化路加油站男廁", "address": "嘉義市西區文化里文化路11號", "toilet_type": "男廁所", "baby_station": false}}, {"type": "Feature", "geometry": {"type": "Point", "coordinates": [120.444529, 23.479187]}, "properties": {"category": "公共廁所", "name": "嘉義客運男廁", "address": "嘉義市西區西榮里中山路503號", "toilet_type": "男廁所", "baby_station": false}}, {"type": "Feature", "geometry": {"type": "Point", "coordinates": [120.4413646, 23.47925159]}, "properties": {"category": "公共廁所", "name": "嘉義火車站男廁", "address": "嘉義市西區番社里中山路528號", "toilet_type": "男廁所", "baby_station": false}}, {"type": "Feature", "geometry": {"type": "Point", "coordinates": [120.447563, 23.481771]}, "properties": {"category": "公共廁所", "name": "中正公園男廁", "address": "嘉義市西區國華里國華街、民權路口", "toilet_type": "男廁所", "baby_station": false}}, {"type": "Feature", "geometry": {"type": "Point", "coordinates": [120.44112, 23.472755]}, "properties": {"category": "公共廁所", "name": "遠東百貨B1男廁", "address": "嘉義市西區垂楊里垂楊路537號", "toilet_type": "男廁所", "baby_station": false}}, {"type": "Feature", "geometry": {"type": "Point", "coordinates": [120.44112, 23.472755]}, "properties": {"category": "公共廁所", "name": "遠東百貨1F女廁", "address": "嘉義市西區垂楊里垂楊路537號", "toilet_type": "女廁所", "baby_station": false}}, {"type": "Feature", "geometry": {"type": "Point", "coordinates": [120.44112, 23.472755]}, "properties": {"category": "公共廁所", "name": "遠東百貨2F女廁", "address": "嘉義市西區垂楊里垂楊路537號", "toilet_type": "女廁所", "baby_station": false}}, {"type": "Feature", "geometry": {"type": "Point", "coordinates": [120.44112, 23.472755]}, "properties": {"category": "公共廁所", "name": "遠東百貨3F男廁", "address": "嘉義市西區垂楊里垂楊路537號", "toilet_type": "男廁所", "baby_station": false}}, {"type": "Feature", "geometry": {"type": "Point", "coordinates": [120.44112, 23.472755]}, "properties": {"category": "公共廁所", "name": "遠東百貨4F男廁", "address": "嘉義市西區垂楊里垂楊路537號", "toilet_type": "男廁所", "baby_station": false}}, {"type": "Feature", "geometry": {"type": "Point", "coordinates": [120.44112, 23.472755]}, "properties": {"category": "公共廁所", "name": "遠東百貨5F男廁", "address": "嘉義市西區垂楊里垂楊路537號", "toilet_type": "男廁所", "baby_station": false}}, {"type": "Feature", "geometry": {"type": "Point", "coordinates": [120.44112, 23.472755]}, "properties": {"category": "公共廁所", "name": "遠東百貨6F男廁", "address": "嘉義市西區垂楊里垂楊路537號", "toilet_type": "男廁所", "baby_station": false}}, {"type": "Feature", "geometry": {"type": "Point", "coordinates": [120.44112, 23.472755]}, "properties": {"category": "公共廁所", "name": "遠東百貨7F男廁", "address": "嘉義市西區垂楊里垂楊路537號", "toilet_type": "男廁所", "baby_station": false}}, {"type": "Feature", "geometry": {"type": "Point", "coordinates": [120.435311, 23.464453]}, "properties": {"category": "公共廁所", "name": "西區戶政事務所男廁", "address": "嘉義市西區福民里錦州二街28號", "toilet_type": "男廁所", "baby_station": false}}, {"type": "Feature", "geometry": {"type": "Point", "coordinates": [120.435379, 23.4645]}, "properties": {"category": "公共廁所", "name": "西區區公所男廁", "address": "嘉義市西區福民里錦州二街28號", "toilet_type": "男廁所", "baby_station": false}}, {"type": "Feature", "geometry": {"type": "Point", "coordinates": [120.443304, 23.465557]}, "properties": {"category": "公共廁所", "name": "民生公園男廁", "address": "嘉義市西區美源里嘉義市西區民生南路", "toilet_type": "男廁所", "baby_station": false}}, {"type": "Feature", "geometry": {"type": "Point", "coordinates": [120.453656, 23.496423]}, "properties": {"category": "公共廁所", "name": "耐斯王子大飯店7F男廁", "address": "嘉義市東區義教里忠孝路600號", "toilet_type": "男廁所", "baby_station": false}}, {"type": "Feature", "geometry": {"type": "Point", "coordinates": [120.453656, 23.496423]}, "properties": {"category": "親子廁所", "name": "耐斯王子大飯店7F女廁", "address": "嘉義市東區義教里忠孝路600號", "toilet_type": "女廁所", "baby_station": true}}, {"type": "Feature", "geometry": {"type": "Point", "coordinates": [120.448773, 23.482679]}, "properties": {"category": "公共廁所", "name": "兆品酒店1F男廁", "address": "嘉義市西區國華里文化路257號", "toilet_type": "男廁所", "baby_station": false}}, {"type": "Feature", "geometry": {"type": "Point", "coordinates": [120.448773, 23.482679]}, "properties": {"category": "公共廁所", "name": "兆品酒店1F女廁", "address": "嘉義市西區國華里文化路257號", "toilet_type": "女廁所", "baby_station": false}}, {"type": "Feature", "geometry": {"type": "Point", "coordinates": [120.448773, 23.482679]}, "properties": {"category": "公共廁所", "name": "兆品酒店2F男廁", "address": "嘉義市西區國華里文化路257號", "toilet_type": "男廁所", "baby_station": false}}, {"type": "Feature", "geometry": {"type": "Point", "coordinates": [120.448773, 23.482679]}, "properties": {"category": "公共廁所", "name": "兆品酒店2F女廁", "address": "嘉義市西區國華里文化路257號", "toilet_type": "女廁所", "baby_station": false}}, {"type": "Feature", "geometry": {"type": "Point", "coordinates": [120.454633, 23.481282]}, "properties": {"category": "公共廁所", "name": "警察局1F女廁", "address": "嘉義市東區東興里中山路195號", "toilet_type": "女廁所", "baby_station": false}}, {"type": "Feature", "geometry": {"type": "Point", "coordinates": [120.4413646, 23.47925159]}, "properties": {"category": "公共廁所", "name": "嘉義火車站女廁", "address": "嘉義市西區番社里中山路528號", "toilet_type": "女廁所", "baby_station": false}}, {"type": "Feature", "geometry": {"type": "Point", "coordinates": [120.453566, 23.481305]}, "properties": {"category": "親子廁所", "name": "市政府1F近中山路女廁", "address": "嘉義市東區東興里中山路199號", "toilet_type": "女廁所", "baby_station": true}}, {"type": "Feature", "geometry": {"type": "Point", "coordinates": [120.453566, 23.481305]}, "properties": {"category": "公共廁所", "name": "市政府2F近中山路女廁", "address": "嘉義市東區東興里中山路199號", "toilet_type": "女廁所", "baby_station": false}}, {"type": "Feature", "geometry": {"type": "Point", "coordinates": [120.453566, 23.481305]}, "properties": {"category": "公共廁所", "name": "市政府3F近中山路女廁", "address": "嘉義市東區東興里中山路199號", "toilet_type": "女廁所", "baby_station": false}}, {"type": "Feature", "geometry": {"type": "Point", "coordinates": [120.453566, 23.481305]}, "properties": {"category": "公共廁所", "name": "市政府6F近中山路女廁", "address": "嘉義市東區東興里中山路199號", "toilet_type": "女廁所", "baby_station": false}}, {"type": "Feature", "geometry": {"type": "Point", "coordinates": [120.453566, 23.481305]}, "properties": {"category": "公共廁所", "name": "市政中心南棟大樓七樓北側女廁", "address": "嘉義市東區東興里中山路199號", "toilet_type": "女廁所", "baby_station": false}}, {"type": "Feature", "geometry": {"type": "Point", "coordinates": [120.453566, 23.481305]}, "properties": {"category": "公共廁所", "name": "市政府8F近中山路女廁", "address": "嘉義市東區東興里中山路199號", "toilet_type": "女廁所", "baby_station": false}}, {"type": "Feature", "geometry": {"type": "Point", "coordinates": [120.453566, 23.481305]}, "properties": {"category": "公共廁所", "name": "市政府9F近中山路女廁", "address": "嘉義市東區東興里中山路199號", "toilet_type": "女廁所", "baby_station": false}}, {"type": "Feature", "geometry": {"type": "Point", "coordinates": [120.444529, 23.479187]}, "properties": {"category": "公共廁所", "name": "嘉義客運女廁", "address": "嘉義市西區西榮里中山路503號", "toilet_type": "女廁所", "baby_station": false}}, {"type": "Feature", "geometry": {"type": "Point", "coordinates": [120.4535, 23.4787]}, "properties": {"category": "公共廁所", "name": "東區區公所女廁", "address": "嘉義市東區民族里吳鳳北路184號", "toilet_type": "女廁所", "baby_station": false}}, {"type": "Feature", "geometry": {"type": "Point", "coordinates": [120.467296, 23.482472]}, "properties": {"category": "親子廁所", "name": "嘉義公園遊戲區旁女廁", "address": "嘉義市東區東川里嘉義公園遊戲區旁", "toilet_type": "女廁所", "baby_station": true}}, {"type": "Feature", "geometry": {"type": "Point", "coordinates": [120.435311, 23.464453]}, "properties": {"category": "親子廁所", "name": "西區區公所女廁", "address": "嘉義市西區福民里錦州二街28號", "toilet_type": "女廁所", "baby_station": true}}, {"type": "Feature", "geometry": {"type": "Point", "coordinates": [120.45343, 23.478719]}, "properties": {"category": "公共廁所", "name": "東區戶政事務所女廁", "address": "嘉義市東區民族里吳鳳北路184號", "toilet_type": "女廁所", "baby_station": false}}, {"type": "Feature", "geometry": {"type": "Point", "coordinates": [120.435379, 23.4645]}, "properties": {"category": "公共廁所", "name": "西區戶政事務所女廁", "address": "嘉義市西區福民里錦州二街28號", "toilet_type": "女廁所", "baby_station": false}}, {"type": "Feature", "geometry": {"type": "Point", "coordinates": [120.468198, 23.482078]}, "properties": {"category": "親子廁所", "name": "嘉義公園射日塔旁女廁", "address": "嘉義市東區東川里嘉義公園射日塔旁", "toilet_type": "女廁所", "baby_station": true}}, {"type": "Feature", "geometry": {"type": "Point", "coordinates": [120.454317, 23.481786]}, "properties": {"category": "公共廁所", "name": "財稅局2F西側女廁", "address": "嘉義市東區中山里中山路154號", "toilet_type": "女廁所", "baby_station": false}}, {"type": "Feature", "geometry": {"type": "Point", "coordinates": [120.453664, 23.478876]}, "properties": {"category": "公共廁所", "name": "環保局右側女廁", "address": "嘉義市東區民族里吳鳳北路184號", "toilet_type": "女廁所", "baby_station": false}}, {"type": "Feature", "geometry": {"type": "Point", "coordinates": [120.453664, 23.478876]}, "properties": {"category": "公共廁所", "name": "環保局左側女廁", "address": "嘉義市東區民族里吳鳳北路184號", "toilet_type": "女廁所", "baby_station": false}}, {"type": "Feature", "geometry": {"type": "Point", "coordinates": [120.448307, 23.478876]}, "properties": {"category": "公共廁所", "name": "地政事務所女廁", "address": "嘉義市西區文化里國華街245號", "toilet_type": "女廁所", "baby_station": false}}, {"type": "Feature", "geometry": {"type": "Point", "coordinates": [120.467011, 23.472863]}, "properties": {"category": "公共廁所", "name": "消防局3F女廁", "address": "嘉義市東區短竹里立學街16號", "toilet_type": "女廁所", "baby_station": false}}, {"type": "Feature", "geometry": {"type": "Point", "coordinates": [120.448307, 23.479209]}, "properties": {"category": "公共廁所", "name": "交通處女廁", "address": "嘉義市西區文化里國華街245號", "toilet_type": "女廁所", "baby_station": false}}, {"type": "Feature", "geometry": {"type": "Point", "coordinates": [120.464745, 23.483854]}, "properties": {"category": "公共廁所", "name": "嘉義公園近溜冰場女廁", "address": "嘉義市東區東川里嘉義公園近溜冰場旁", "toilet_type": "女廁所", "baby_station": false}}, {"type": "Feature", "geometry": {"type": "Point", "coordinates": [120.464745, 23.483854]}, "properties": {"category": "親子廁所", "name": "嘉義公園近溜冰場無障礙廁所", "address": "嘉義市東區東川里嘉義公園近溜冰場旁", "toilet_type": "無障礙廁所", "baby_station": true}}, {"type": "Feature", "geometry": {"type": "Point", "coordinates": [120.474873, 23.477531]}, "properties": {"category": "公共廁所", "name": "東園軒女廁", "address": "嘉義市東區長竹里大雅路二段350號", "toilet_type": "女廁所", "baby_station": false}}, {"type": "Feature", "geometry": {"type": "Point", "coordinates": [120.4784346, 23.47891343]}, "properties": {"category": "公共廁所", "name": "貴族世家嘉義大雅店男廁", "address": "嘉義市東區長竹里大雅路二段167號", "toilet_type": "男廁所", "baby_station": false}}, {"type": "Feature", "geometry": {"type": "Point", "coordinates": [120.443304, 23.465557]}, "properties": {"category": "公共廁所", "name": "民生公園女廁", "address": "嘉義市西區美源里嘉義市西區民生南路", "toilet_type": "女廁所", "baby_station": false}}, {"type": "Feature", "geometry": {"type": "Point", "coordinates": [120.4439, 23.465779]}, "properties": {"category": "親子廁所", "name": "民生公園無障礙廁所", "address": "嘉義市西區美源里嘉義市西區民生南路", "toilet_type": "無障礙廁所", "baby_station": true}}, {"type": "Feature", "geometry": {"type": "Point", "coordinates": [120.457711, 23.485004]}, "properties": {"category": "公共廁所", "name": "長榮公園女廁", "address": "嘉義市東區太平里長榮街", "toilet_type": "女廁所", "baby_station": false}}, {"type": "Feature", "geometry": {"type": "Point", "coordinates": [120.460009, 23.46883]}, "properties": {"category": "公共廁所", "name": "宣信公園女廁", "address": "嘉義市東區芳安里南興路、宣信路口", "toilet_type": "女廁所", "baby_station": false}}, {"type": "Feature", "geometry": {"type": "Point", "coordinates": [120.462856, 23.476551]}, "properties": {"category": "公共廁所", "name": "228公園女廁", "address": "嘉義市東區東川里大雅路二段695號", "toilet_type": "女廁所", "baby_station": false}}, {"type": "Feature", "geometry": {"type": "Point", "coordinates": [120.447563, 23.481771]}, "properties": {"category": "親子廁所", "name": "中正公園女廁", "address": "嘉義市西區國華里國華街、民權路口", "toilet_type": "女廁所", "baby_station": true}}, {"type": "Feature", "geometry": {"type": "Point", "coordinates": [120.4363, 23.47477]}, "properties": {"category": "公共廁所", "name": "番仔溝公園女廁", "address": "嘉義市西區西平里嘉雄陸橋下", "toilet_type": "女廁所", "baby_station": false}}, {"type": "Feature", "geometry": {"type": "Point", "coordinates": [120.432977, 23.47706]}, "properties": {"category": "公共廁所", "name": "友忠公園女廁", "address": "嘉義市西區福全里友忠路鄰北港路", "toilet_type": "女廁所", "baby_station": false}}, {"type": "Feature", "geometry": {"type": "Point", "coordinates": [120.432977, 23.47706]}, "properties": {"category": "公共廁所", "name": "友忠公園無障礙廁所", "address": "嘉義市西區福全里友忠路鄰北港路", "toilet_type": "無障礙廁所", "baby_station": false}}, {"type": "Feature", "geometry": {"type": "Point", "coordinates": [120.45625, 23.478352]}, "properties": {"category": "公共廁所", "name": "文昌公園女廁", "address": "嘉義市東區民族里蘭井街文昌街口", "toilet_type": "女廁所", "baby_station": false}}, {"type": "Feature", "geometry": {"type": "Point", "coordinates": [120.450643, 23.474387]}, "properties": {"category": "親子廁所", "name": "文化公園男廁", "address": "嘉義市東區過溝里文化路與民族路口", "toilet_type": "男廁所", "baby_station": true}}, {"type": "Feature", "geometry": {"type": "Point", "coordinates": [120.450643, 23.474387]}, "properties": {"category": "親子廁所", "name": "文化公園女廁", "address": "嘉義市東區過溝里文化路與民族路口", "toilet_type": "女廁所", "baby_station": true}}, {"type": "Feature", "geometry": {"type": "Point", "coordinates": [120.462009, 23.45847]}, "properties": {"category": "公共廁所", "name": "河濱運動公園女廁", "address": "嘉義市東區興仁里興仁街50號", "toilet_type": "女廁所", "baby_station": false}}, {"type": "Feature", "geometry": {"type": "Point", "coordinates": [120.456224, 23.470478]}, "properties": {"category": "公共廁所", "name": "南田公園女廁", "address": "嘉義市東區興南里南田路", "toilet_type": "女廁所", "baby_station": false}}, {"type": "Feature", "geometry": {"type": "Point", "coordinates": [120.45799, 23.46637]}, "properties": {"category": "公共廁所", "name": "南興公園女廁", "address": "嘉義市東區頂寮里南興路177號", "toilet_type": "女廁所", "baby_station": false}}, {"type": "Feature", "geometry": {"type": "Point", "coordinates": [120.453859, 23.479066]}, "properties": {"category": "親子廁所", "name": "東市場女廁", "address": "嘉義市東區民族里忠孝路與光彩街", "toilet_type": "女廁所", "baby_station": true}}, {"type": "Feature", "geometry": {"type": "Point", "coordinates": [120.4439646, 23.48315392]}, "properties": {"category": "公共廁所", "name": "北興市場男廁", "address": "嘉義市西區慶安里北興陸橋下", "toilet_type": "男廁所", "baby_station": false}}, {"type": "Feature", "geometry": {"type": "Point", "coordinates": [120.448395, 23.47939]}, "properties": {"category": "公共廁所", "name": "西市場2F-右側女", "address": "嘉義市西區文化里國華街245號近國華街", "toilet_type": "女廁所", "baby_station": false}}, {"type": "Feature", "geometry": {"type": "Point", "coordinates": [120.448395, 23.47939]}, "properties": {"category": "公共廁所", "name": "西市場2F-左側女", "address": "嘉義市西區文化里國華街245號", "toilet_type": "女廁所", "baby_station": false}}, {"type": "Feature", "geometry": {"type": "Point", "coordinates": [120.466238, 23.482514]}, "properties": {"category": "公共廁所", "name": "嘉義公園孔廟旁女廁", "address": "嘉義市東區東川里嘉義公園孔廟旁", "toilet_type": "女廁所", "baby_station": false}}, {"type": "Feature", "geometry": {"type": "Point", "coordinates": [120.4565, 23.48325]}, "properties": {"category": "公共廁所", "name": "財團法人九華山地藏庵女廁", "address": "嘉義市東區中山里民權路255號", "toilet_type": "女廁所", "baby_station": false}}, {"type": "Feature", "geometry": {"type": "Point", "coordinates": [120.453803, 23.478272]}, "properties": {"category": "公共廁所", "name": "城隍廟女廁", "address": "嘉義市東區民族里吳鳳北路168號", "toilet_type": "女廁所", "baby_station": false}}, {"type": "Feature", "geometry": {"type": "Point", "coordinates": [120.426254, 23.478705]}, "properties": {"category": "公共廁所", "name": "南隱宮女廁", "address": "嘉義市西區西平里永春二街33號", "toilet_type": "女廁所", "baby_station": false}}, {"type": "Feature", "geometry": {"type": "Point", "coordinates": [120.433919, 23.490129]}, "properties": {"category": "公共廁所", "name": "保安宮女廁", "address": "嘉義市西區保安里自由路245號", "toilet_type": "女廁所", "baby_station": false}}, {"type": "Feature", "geometry": {"type": "Point", "coordinates": [120.460422, 23.468353]}, "properties": {"category": "公共廁所", "name": "鎮天宮女廁", "address": "嘉義市東區芳安里芳安路195號", "toilet_type": "女廁所", "baby_station": false}}, {"type": "Feature", "geometry": {"type": "Point", "coordinates": [120.479221, 23.46674]}, "properties": {"category": "公共廁所", "name": "蘭潭水庫泛月公園旁女廁", "address": "嘉義市東區蘭潭里蘭潭水庫泛月公園旁", "toilet_type": "女廁所", "baby_station": false}}, {"type": "Feature", "geometry": {"type": "Point", "coordinates": [120.488258, 23.475198]}, "properties": {"category": "親子廁所", "name": "蘭潭水庫土地公廟旁女廁", "address": "嘉義市東區蘭潭里蘭潭水庫土地公廟旁", "toilet_type": "女廁所", "baby_station": true}}, {"type": "Feature", "geometry": {"type": "Point", "coordinates": [120.4882622, 23.47524285]}, "properties": {"category": "親子廁所", "name": "蘭潭水庫土地公廟旁無障礙廁所", "address": "嘉義市東區蘭潭里蘭潭水庫土地公廟旁", "toilet_type": "無障礙廁所", "baby_station": true}}, {"type": "Feature", "geometry": {"type": "Point", "coordinates": [120.476437, 23.468344]}, "properties": {"category": "公共廁所", "name": "蘭潭水庫三信亭旁女廁", "address": "嘉義市東區蘭潭里蘭潭水庫三信亭旁", "toilet_type": "女廁所", "baby_station": false}}, {"type": "Feature", "geometry": {"type": "Point", "coordinates": [120.476437, 23.468344]}, "properties": {"category": "親子廁所", "name": "蘭潭水庫三信亭旁無障礙廁所", "address": "嘉義市東區蘭潭里蘭潭水庫三信亭旁", "toilet_type": "無障礙廁所", "baby_station": true}}, {"type": "Feature", "geometry": {"type": "Point", "coordinates": [120.45144, 23.48701]}, "properties": {"category": "公共廁所", "name": "博物館1F女廁", "address": "嘉義市東區北門里忠孝路275-1號", "toilet_type": "女廁所", "baby_station": false}}, {"type": "Feature", "geometry": {"type": "Point", "coordinates": [120.45144, 23.48701]}, "properties": {"category": "公共廁所", "name": "博物館2F女廁", "address": "嘉義市東區北門里忠孝路275-1號", "toilet_type": "女廁所", "baby_station": false}}, {"type": "Feature", "geometry": {"type": "Point", "coordinates": [120.45144, 23.48701]}, "properties": {"category": "公共廁所", "name": "博物館3F男廁", "address": "嘉義市東區北門里忠孝路275-1號", "toilet_type": "男廁所", "baby_station": false}}, {"type": "Feature", "geometry": {"type": "Point", "coordinates": [120.45144, 23.48701]}, "properties": {"category": "公共廁所", "name": "博物館3F女廁", "address": "嘉義市東區北門里忠孝路275-1號", "toilet_type": "女廁所", "baby_station": false}}, {"type": "Feature", "geometry": {"type": "Point", "coordinates": [120.428524, 23.48985568]}, "properties": {"category": "公共廁所", "name": "世賢圖書館1F女廁", "address": "嘉義市西區保福里世賢路一段685號", "toilet_type": "女廁所", "baby_station": false}}, {"type": "Feature", "geometry": {"type": "Point", "coordinates": [120.461329, 23.471534]}, "properties": {"category": "公共廁所", "name": "體育場女廁", "address": "嘉義市東區新開里體育路2號", "toilet_type": "女廁所", "baby_station": false}}, {"type": "Feature", "geometry": {"type": "Point", "coordinates": [120.46244, 23.47348]}, "properties": {"category": "公共廁所", "name": "體育館女廁", "address": "嘉義市東區新開里彌陀路381號", "toilet_type": "女廁所", "baby_station": false}}, {"type": "Feature", "geometry": {"type": "Point", "coordinates": [120.44112, 23.472755]}, "properties": {"category": "公共廁所", "name": "遠東百貨B1女廁", "address": "嘉義市西區垂楊里垂楊路537號", "toilet_type": "女廁所", "baby_station": false}}, {"type": "Feature", "geometry": {"type": "Point", "coordinates": [120.44112, 23.472755]}, "properties": {"category": "公共廁所", "name": "遠東百貨3F女廁", "address": "嘉義市西區垂楊里垂楊路537號", "toilet_type": "女廁所", "baby_station": false}}, {"type": "Feature", "geometry": {"type": "Point", "coordinates": [120.44112, 23.472755]}, "properties": {"category": "公共廁所", "name": "遠東百貨4F女廁", "address": "嘉義市西區垂楊里垂楊路537號", "toilet_type": "女廁所", "baby_station": false}}, {"type": "Feature", "geometry": {"type": "Point", "coordinates": [120.44112, 23.472755]}, "properties": {"category": "公共廁所", "name": "遠東百貨5F女廁", "address": "嘉義市西區垂楊里垂楊路537號", "toilet_type": "女廁所", "baby_station": false}}, {"type": "Feature", "geometry": {"type": "Point", "coordinates": [120.44112, 23.472755]}, "properties": {"category": "公共廁所", "name": "遠東百貨6F女廁", "address": "嘉義市西區垂楊里垂楊路537號", "toilet_type": "女廁所", "baby_station": false}}, {"type": "Feature", "geometry": {"type": "Point", "coordinates": [120.44112, 23.472755]}, "properties": {"category": "公共廁所", "name": "遠東百貨7F女廁", "address": "嘉義市西區垂楊里垂楊路537號", "toilet_type": "女廁所", "baby_station": false}}, {"type": "Feature", "geometry": {"type": "Point", "coordinates": [120.421416, 23.476981]}, "properties": {"category": "公共廁所", "name": "港坪里運動公園-1女廁", "address": "嘉義市西區港坪里大同路320號", "toilet_type": "女廁所", "baby_station": false}}, {"type": "Feature", "geometry": {"type": "Point", "coordinates": [120.421416, 23.476981]}, "properties": {"category": "公共廁所", "name": "港坪里運動公園-2女廁", "address": "嘉義市西區港坪里大同路320號", "toilet_type": "女廁所", "baby_station": false}}, {"type": "Feature", "geometry": {"type": "Point", "coordinates": [120.421416, 23.476981]}, "properties": {"category": "公共廁所", "name": "港坪里運動公園-3女廁", "address": "嘉義市西區港坪里大同路320號", "toilet_type": "女廁所", "baby_station": false}}, {"type": "Feature", "geometry": {"type": "Point", "coordinates": [120.44997, 23.47454]}, "properties": {"category": "公共廁所", "name": "台灣中油文化路加油站女廁", "address": "嘉義市西區文化里文化路11號", "toilet_type": "女廁所", "baby_station": false}}, {"type": "Feature", "geometry": {"type": "Point", "coordinates": [120.45403, 23.46903]}, "properties": {"category": "公共廁所", "name": "台灣中油吳鳳路加油站女廁", "address": "嘉義市東區安業里吳鳳南路92號", "toilet_type": "女廁所", "baby_station": false}}, {"type": "Feature", "geometry": {"type": "Point", "coordinates": [120.42893, 23.46881]}, "properties": {"category": "公共廁所", "name": "台灣中油信義加油站女廁", "address": "嘉義市西區西平里博愛路二段519號", "toilet_type": "女廁所", "baby_station": false}}, {"type": "Feature", "geometry": {"type": "Point", "coordinates": [120.43335, 23.49205]}, "properties": {"category": "公共廁所", "name": "台灣中油北興加油站女廁", "address": "嘉義市西區保生里自由路436號", "toilet_type": "女廁所", "baby_station": false}}, {"type": "Feature", "geometry": {"type": "Point", "coordinates": [120.445639, 23.489056]}, "properties": {"category": "公共廁所", "name": "台灣中油博愛路加油站女廁", "address": "嘉義市西區香湖里博愛路一段2號", "toilet_type": "女廁所", "baby_station": false}}, {"type": "Feature", "geometry": {"type": "Point", "coordinates": [120.422047, 23.484857]}, "properties": {"category": "公共廁所", "name": "福懋大嘉加油站女廁", "address": "嘉義市西區北湖里北港路530之15號", "toilet_type": "女廁所", "baby_station": false}}, {"type": "Feature", "geometry": {"type": "Point", "coordinates": [120.395861, 23.492993]}, "properties": {"category": "公共廁所", "name": "嘉交加油站女廁", "address": "嘉義市西區竹村里北港路1158號", "toilet_type": "女廁所", "baby_station": false}}, {"type": "Feature", "geometry": {"type": "Point", "coordinates": [120.463629, 23.483796]}, "properties": {"category": "公共廁所", "name": "嘉義公園近啟明路男廁", "address": "嘉義市東區東川里啟明路", "toilet_type": "男廁所", "baby_station": false}}, {"type": "Feature", "geometry": {"type": "Point", "coordinates": [120.4501104, 23.49918343]}, "properties": {"category": "公共廁所", "name": "嘉基1F留觀區前男廁", "address": "嘉義市東區中庄里忠孝路539號", "toilet_type": "男廁所", "baby_station": false}}, {"type": "Feature", "geometry": {"type": "Point", "coordinates": [120.4502821, 23.49898665]}, "properties": {"category": "公共廁所", "name": "嘉基1F留觀區前女廁", "address": "嘉義市東區中庄里忠孝路539號", "toilet_type": "女廁所", "baby_station": false}}, {"type": "Feature", "geometry": {"type": "Point", "coordinates": [120.4502392, 23.4989473]}, "properties": {"category": "公共廁所", "name": "嘉基1F急診批價櫃台前男廁", "address": "嘉義市東區中庄里忠孝路539號", "toilet_type": "男廁所", "baby_station": false}}, {"type": "Feature", "geometry": {"type": "Point", "coordinates": [120.4502821, 23.4989473]}, "properties": {"category": "公共廁所", "name": "嘉基1F急診批價櫃台前女廁", "address": "嘉義市東區中庄里忠孝路539號", "toilet_type": "女廁所", "baby_station": false}}, {"type": "Feature", "geometry": {"type": "Point", "coordinates": [120.4502392, 23.49902601]}, "properties": {"category": "公共廁所", "name": "嘉基1FD大廳星巴克前男廁", "address": "嘉義市東區中庄里忠孝路539號", "toilet_type": "男廁所", "baby_station": false}}, {"type": "Feature", "geometry": {"type": "Point", "coordinates": [120.4502821, 23.49902601]}, "properties": {"category": "公共廁所", "name": "嘉基1FD大廳星巴克前女廁", "address": "嘉義市東區中庄里忠孝路539號", "toilet_type": "女廁所", "baby_station": false}}, {"type": "Feature", "geometry": {"type": "Point", "coordinates": [120.4502821, 23.49902601]}, "properties": {"category": "公共廁所", "name": "嘉基2F神經內科旁男廁", "address": "嘉義市東區中庄里忠孝路650號", "toilet_type": "男廁所", "baby_station": false}}, {"type": "Feature", "geometry": {"type": "Point", "coordinates": [120.4502821, 23.49906536]}, "properties": {"category": "公共廁所", "name": "嘉基2F神經內科旁女廁", "address": "嘉義市東區中庄里忠孝路539號", "toilet_type": "女廁所", "baby_station": false}}, {"type": "Feature", "geometry": {"type": "Point", "coordinates": [120.4502821, 23.49902601]}, "properties": {"category": "公共廁所", "name": "嘉基2F胃鏡候診區旁男廁", "address": "嘉義市東區中庄里忠孝路539號", "toilet_type": "男廁所", "baby_station": false}}, {"type": "Feature", "geometry": {"type": "Point", "coordinates": [120.4502392, 23.49902601]}, "properties": {"category": "公共廁所", "name": "嘉基2F胃鏡候診區旁女廁", "address": "嘉義市東區中庄里忠孝路539號", "toilet_type": "女廁所", "baby_station": false}}, {"type": "Feature", "geometry": {"type": "Point", "coordinates": [120.4502821, 23.49898665]}, "properties": {"category": "公共廁所", "name": "嘉基2F檢驗中心旁男廁", "address": "嘉義市東區中庄里忠孝路539號", "toilet_type": "男廁所", "baby_station": false}}, {"type": "Feature", "geometry": {"type": "Point", "coordinates": [120.4502392, 23.49902601]}, "properties": {"category": "公共廁所", "name": "嘉基2F檢驗中心旁女廁", "address": "嘉義市東區中庄里忠孝路539號", "toilet_type": "女廁所", "baby_station": false}}, {"type": "Feature", "geometry": {"type": "Point", "coordinates": [120.451355, 23.49985249]}, "properties": {"category": "公共廁所", "name": "嘉基東院區門診大樓1F男廁", "address": "嘉義市東區義教里忠孝路642號", "toilet_type": "男廁所", "baby_station": false}}, {"type": "Feature", "geometry": {"type": "Point", "coordinates": [120.4512262, 23.49949828]}, "properties": {"category": "公共廁所", "name": "嘉基東院區門診大樓1F女廁", "address": "嘉義市東區義教里忠孝路642號", "toilet_type": "女廁所", "baby_station": false}}, {"type": "Feature", "geometry": {"type": "Point", "coordinates": [120.4674053, 23.47674849]}, "properties": {"category": "公共廁所", "name": "聖馬爾定1樓男廁", "address": "嘉義市東區蘭潭里大雅路二段565號", "toilet_type": "男廁所", "baby_station": false}}, {"type": "Feature", "geometry": {"type": "Point", "coordinates": [120.4673195, 23.47670913]}, "properties": {"category": "公共廁所", "name": "聖馬爾定1樓女廁", "address": "嘉義市東區蘭潭里大雅路二段565號", "toilet_type": "女廁所", "baby_station": false}}, {"type": "Feature", "geometry": {"type": "Point", "coordinates": [120.4672337, 23.4766304]}, "properties": {"category": "公共廁所", "name": "聖馬爾定1樓無障礙廁所", "address": "嘉義市東區蘭潭里大雅路二段565號", "toilet_type": "無障礙廁所", "baby_station": false}}, {"type": "Feature", "geometry": {"type": "Point", "coordinates": [120.4672766, 23.4766304]}, "properties": {"category": "公共廁所", "name": "聖馬爾定2樓男廁", "address": "嘉義市東區蘭潭里大雅路二段565號", "toilet_type": "男廁所", "baby_station": false}}, {"type": "Feature", "geometry": {"type": "Point", "coordinates": [120.4673624, 23.47666977]}, "properties": {"category": "公共廁所", "name": "聖馬爾定2樓女廁", "address": "嘉義市東區蘭潭里大雅路二段565號", "toilet_type": "女廁所", "baby_station": false}}, {"type": "Feature", "geometry": {"type": "Point", "coordinates": [120.4673624, 23.47678786]}, "properties": {"category": "公共廁所", "name": "聖馬爾定3樓男廁", "address": "嘉義市東區蘭潭里大雅路二段565號", "toilet_type": "男廁所", "baby_station": false}}, {"type": "Feature", "geometry": {"type": "Point", "coordinates": [120.4674912, 23.47670913]}, "properties": {"category": "公共廁所", "name": "聖馬爾定3樓女廁", "address": "嘉義市東區蘭潭里大雅路二段565號", "toilet_type": "女廁所", "baby_station": false}}, {"type": "Feature", "geometry": {"type": "Point", "coordinates": [120.4673624, 23.47674849]}, "properties": {"category": "公共廁所", "name": "聖馬爾定4樓男廁", "address": "嘉義市東區蘭潭里大雅路二段565號", "toilet_type": "男廁所", "baby_station": false}}, {"type": "Feature", "geometry": {"type": "Point", "coordinates": [120.4673624, 23.47670913]}, "properties": {"category": "公共廁所", "name": "聖馬爾定4樓女廁", "address": "嘉義市東區蘭潭里大雅路二段565號", "toilet_type": "女廁所", "baby_station": false}}, {"type": "Feature", "geometry": {"type": "Point", "coordinates": [120.4673624, 23.47670913]}, "properties": {"category": "公共廁所", "name": "聖馬爾定5樓男廁", "address": "嘉義市東區蘭潭里大雅路二段565號", "toilet_type": "男廁所", "baby_station": false}}, {"type": "Feature", "geometry": {"type": "Point", "coordinates": [120.4673624, 23.47678786]}, "properties": {"category": "親子廁所", "name": "聖馬爾定5樓女廁", "address": "嘉義市東區蘭潭里大雅路二段565號", "toilet_type": "女廁所", "baby_station": true}}, {"type": "Feature", "geometry": {"type": "Point", "coordinates": [120.4674482, 23.47670913]}, "properties": {"category": "公共廁所", "name": "聖馬爾定6樓男廁", "address": "嘉義市東區蘭潭里大雅路二段565號", "toilet_type": "男廁所", "baby_station": false}}, {"type": "Feature", "geometry": {"type": "Point", "coordinates": [120.4674053, 23.47674849]}, "properties": {"category": "公共廁所", "name": "聖馬爾定6樓女廁", "address": "嘉義市東區蘭潭里大雅路二段565號", "toilet_type": "女廁所", "baby_station": false}}, {"type": "Feature", "geometry": {"type": "Point", "coordinates": [120.4673624, 23.47686658]}, "properties": {"category": "公共廁所", "name": "聖馬爾定7樓男廁", "address": "嘉義市東區蘭潭里大雅路二段565號", "toilet_type": "男廁所", "baby_station": false}}, {"type": "Feature", "geometry": {"type": "Point", "coordinates": [120.4674053, 23.47678786]}, "properties": {"category": "公共廁所", "name": "聖馬爾定7樓女廁", "address": "嘉義市東區蘭潭里大雅路二段565號", "toilet_type": "女廁所", "baby_station": false}}, {"type": "Feature", "geometry": {"type": "Point", "coordinates": [120.4674912, 23.47682722]}, "properties": {"category": "公共廁所", "name": "聖馬爾定8樓男廁", "address": "嘉義市東區蘭潭里大雅路二段565號", "toilet_type": "男廁所", "baby_station": false}}, {"type": "Feature", "geometry": {"type": "Point", "coordinates": [120.4674053, 23.47670913]}, "properties": {"category": "公共廁所", "name": "聖馬爾定8樓女廁", "address": "嘉義市東區蘭潭里大雅路二段565號", "toilet_type": "女廁所", "baby_station": false}}, {"type": "Feature", "geometry": {"type": "Point", "coordinates": [120.4674053, 23.47674849]}, "properties": {"category": "公共廁所", "name": "聖馬爾定9樓男廁", "address": "嘉義市東區蘭潭里大雅路二段565號", "toilet_type": "男廁所", "baby_station": false}}, {"type": "Feature", "geometry": {"type": "Point", "coordinates": [120.4673195, 23.4766304]}, "properties": {"category": "公共廁所", "name": "聖馬爾定9樓女廁", "address": "嘉義市東區蘭潭里大雅路二段565號", "toilet_type": "女廁所", "baby_station": false}}, {"type": "Feature", "geometry": {"type": "Point", "coordinates": [120.4673195, 23.47674849]}, "properties": {"category": "公共廁所", "name": "聖馬爾定10樓男廁", "address": "嘉義市東區蘭潭里大雅路二段565號", "toilet_type": "男廁所", "baby_station": false}}, {"type": "Feature", "geometry": {"type": "Point", "coordinates": [120.4673195, 23.4766304]}, "properties": {"category": "公共廁所", "name": "聖馬爾定10樓女廁", "address": "嘉義市東區蘭潭里大雅路二段565號", "toilet_type": "女廁所", "baby_station": false}}, {"type": "Feature", "geometry": {"type": "Point", "coordinates": [120.4673624, 23.4766304]}, "properties": {"category": "公共廁所", "name": "聖馬爾定11樓男廁", "address": "嘉義市東區蘭潭里大雅路二段565號", "toilet_type": "男廁所", "baby_station": false}}, {"type": "Feature", "geometry": {"type": "Point", "coordinates": [120.4673624, 23.47670913]}, "properties": {"category": "公共廁所", "name": "聖馬爾定11樓女廁", "address": "嘉義市東區蘭潭里大雅路二段565號", "toilet_type": "女廁所", "baby_station": false}}, {"type": "Feature", "geometry": {"type": "Point", "coordinates": [120.4619122, 23.48446339]}, "properties": {"category": "公共廁所", "name": "聖馬爾定1樓男廁(民權院區)", "address": "嘉義市東區中山里民權路60號", "toilet_type": "男廁所", "baby_station": false}}, {"type": "Feature", "geometry": {"type": "Point", "coordinates": [120.4619122, 23.48450276]}, "properties": {"category": "公共廁所", "name": "聖馬爾定1樓女廁(民權院區)", "address": "嘉義市東區中山里民權路60號", "toilet_type": "女廁所", "baby_station": false}}, {"type": "Feature", "geometry": {"type": "Point", "coordinates": [120.44865, 23.489]}, "properties": {"category": "公共廁所", "name": "埤子頭植物園男廁", "address": "嘉義市西區北榮里博愛路一段144-4號", "toilet_type": "男廁所", "baby_station": false}}, {"type": "Feature", "geometry": {"type": "Point", "coordinates": [120.44865, 23.489]}, "properties": {"category": "公共廁所", "name": "埤子頭植物園女廁", "address": "嘉義市西區北榮里博愛路一段144-4號", "toilet_type": "女廁所", "baby_station": false}}, {"type": "Feature", "geometry": {"type": "Point", "coordinates": [120.44865, 23.489]}, "properties": {"category": "公共廁所", "name": "埤子頭植物園無障礙廁所", "address": "嘉義市西區北榮里博愛路一段144-4號", "toilet_type": "無障礙廁所", "baby_station": false}}, {"type": "Feature", "geometry": {"type": "Point", "coordinates": [120.4400253, 23.47973512]}, "properties": {"category": "公共廁所", "name": "交通轉運中心1F男廁", "address": "嘉義市西區後驛里中興路1號", "toilet_type": "男廁所", "baby_station": false}}, {"type": "Feature", "geometry": {"type": "Point", "coordinates": [120.4400253, 23.47973512]}, "properties": {"category": "公共廁所", "name": "交通轉運中心1F女廁", "address": "嘉義市西區後驛里中興路1號", "toilet_type": "女廁所", "baby_station": false}}, {"type": "Feature", "geometry": {"type": "Point", "coordinates": [120.441352, 23.473393]}, "properties": {"category": "親子廁所", "name": "新光三越百貨5F男", "address": "嘉義市西區永和里垂楊路726號", "toilet_type": "男廁所", "baby_station": true}}, {"type": "Feature", "geometry": {"type": "Point", "coordinates": [120.4400253, 23.47973512]}, "properties": {"category": "公共廁所", "name": "交通轉運中心B1男廁", "address": "嘉義市西區後驛里中興路1號", "toilet_type": "男廁所", "baby_station": false}}, {"type": "Feature", "geometry": {"type": "Point", "coordinates": [120.4400253, 23.47973512]}, "properties": {"category": "公共廁所", "name": "交通轉運中心B1女廁", "address": "嘉義市西區後驛里中興路1號", "toilet_type": "女廁所", "baby_station": false}}, {"type": "Feature", "geometry": {"type": "Point", "coordinates": [120.415, 23.4682]}, "properties": {"category": "公共廁所", "name": "劉厝1號公園男廁", "address": "嘉義市西區劉厝里大和街與大富路交叉口街墎內", "toilet_type": "男廁所", "baby_station": false}}, {"type": "Feature", "geometry": {"type": "Point", "coordinates": [120.415, 23.4682]}, "properties": {"category": "公共廁所", "name": "劉厝1號公園女廁", "address": "嘉義市西區劉厝里大和街與大富路交叉口街墎內", "toilet_type": "女廁所", "baby_station": false}}, {"type": "Feature", "geometry": {"type": "Point", "coordinates": [120.4172, 23.4645]}, "properties": {"category": "公共廁所", "name": "劉厝2號公園男廁", "address": "嘉義市西區劉厝里劉厝路與大利街墎內", "toilet_type": "男廁所", "baby_station": false}}, {"type": "Feature", "geometry": {"type": "Point", "coordinates": [120.4172, 23.4645]}, "properties": {"category": "公共廁所", "name": "劉厝2號公園女廁", "address": "嘉義市西區劉厝里劉厝路與大利街墎內", "toilet_type": "女廁所", "baby_station": false}}, {"type": "Feature", "geometry": {"type": "Point", "coordinates": [120.43405, 23.46757]}, "properties": {"category": "公共廁所", "name": "台灣中油興嘉加油站男廁", "address": "嘉義市西區車店里上海路246號", "toilet_type": "男廁所", "baby_station": false}}, {"type": "Feature", "geometry": {"type": "Point", "coordinates": [120.433, 23.4606]}, "properties": {"category": "公共廁所", "name": "中油世賢男女廁", "address": "嘉義市西區紅瓦里世賢路三段256號", "toilet_type": "混合廁所", "baby_station": false}}, {"type": "Feature", "geometry": {"type": "Point", "coordinates": [120.4283, 23.4764]}, "properties": {"category": "公共廁所", "name": "順力加油站男女廁", "address": "嘉義市西區磚磘里中興路591號", "toilet_type": "混合廁所", "baby_station": false}}, {"type": "Feature", "geometry": {"type": "Point", "coordinates": [120.4314, 23.452]}, "properties": {"category": "公共廁所", "name": "福懋新民加油站男廁", "address": "嘉義市西區紅瓦里新民路51號", "toilet_type": "男廁所", "baby_station": false}}, {"type": "Feature", "geometry": {"type": "Point", "coordinates": [120.4314, 23.452]}, "properties": {"category": "公共廁所", "name": "福懋新民加油站女廁", "address": "嘉義市西區紅瓦里新民路51號", "toilet_type": "女廁所", "baby_station": false}}, {"type": "Feature", "geometry": {"type": "Point", "coordinates": [120.43386, 23.45432]}, "properties": {"category": "公共廁所", "name": "新民磐石加油站男廁", "address": "嘉義市西區湖內里新民路191號", "toilet_type": "男廁所", "baby_station": false}}, {"type": "Feature", "geometry": {"type": "Point", "coordinates": [120.43386, 23.45432]}, "properties": {"category": "公共廁所", "name": "新民磐石加油站女廁", "address": "嘉義市西區湖內里新民路191號", "toilet_type": "女廁所", "baby_station": false}}, {"type": "Feature", "geometry": {"type": "Point", "coordinates": [120.43405, 23.46757]}, "properties": {"category": "公共廁所", "name": "台灣中油興嘉加油站女廁", "address": "嘉義市西區車店里上海路246號", "toilet_type": "女廁所", "baby_station": false}}, {"type": "Feature", "geometry": {"type": "Point", "coordinates": [120.4724, 23.492]}, "properties": {"category": "公共廁所", "name": "欣隆加油站男女廁", "address": "嘉義市東區圳頭里林森東路556號", "toilet_type": "混合廁所", "baby_station": false}}, {"type": "Feature", "geometry": {"type": "Point", "coordinates": [120.45936, 23.48234]}, "properties": {"category": "公共廁所", "name": "台灣中油中山路加油站男廁", "address": "嘉義市東區中山里中山路90號", "toilet_type": "男廁所", "baby_station": false}}, {"type": "Feature", "geometry": {"type": "Point", "coordinates": [120.45936, 23.48234]}, "properties": {"category": "公共廁所", "name": "台灣中油中山路加油站女廁", "address": "嘉義市東區中山里中山路90號", "toilet_type": "女廁所", "baby_station": false}}, {"type": "Feature", "geometry": {"type": "Point", "coordinates": [120.4615, 23.4906]}, "properties": {"category": "公共廁所", "name": "威盛加油站男廁", "address": "嘉義市東區太平里博東路80號", "toilet_type": "男廁所", "baby_station": false}}, {"type": "Feature", "geometry": {"type": "Point", "coordinates": [120.4615, 23.4906]}, "properties": {"category": "公共廁所", "name": "威盛加油站女廁", "address": "嘉義市東區太平里博東路80號", "toilet_type": "女廁所", "baby_station": false}}, {"type": "Feature", "geometry": {"type": "Point", "coordinates": [120.4494, 23.5025]}, "properties": {"category": "公共廁所", "name": "福懋嘉義加油站男廁", "address": "嘉義市東區後湖里忠孝路674號", "toilet_type": "男廁所", "baby_station": false}}, {"type": "Feature", "geometry": {"type": "Point", "coordinates": [120.4494, 23.5025]}, "properties": {"category": "公共廁所", "name": "福懋嘉義加油站女廁", "address": "嘉義市東區後湖里忠孝路674號", "toilet_type": "女廁所", "baby_station": false}}, {"type": "Feature", "geometry": {"type": "Point", "coordinates": [120.4561, 23.4951]}, "properties": {"category": "公共廁所", "name": "興華加油站男廁", "address": "嘉義市東區頂庄里新生路702號", "toilet_type": "男廁所", "baby_station": false}}, {"type": "Feature", "geometry": {"type": "Point", "coordinates": [120.4561, 23.4951]}, "properties": {"category": "公共廁所", "name": "興華加油站女廁", "address": "嘉義市東區頂庄里新生路702號", "toilet_type": "女廁所", "baby_station": false}}, {"type": "Feature", "geometry": {"type": "Point", "coordinates": [120.4363, 23.5077]}, "properties": {"category": "公共廁所", "name": "福懋文化加油站男廁", "address": "嘉義市東區荖藤里文化路1160號", "toilet_type": "男廁所", "baby_station": false}}, {"type": "Feature", "geometry": {"type": "Point", "coordinates": [120.4363, 23.5077]}, "properties": {"category": "公共廁所", "name": "福懋文化加油站女廁", "address": "嘉義市東區荖藤里文化路1160號", "toilet_type": "女廁所", "baby_station": false}}, {"type": "Feature", "geometry": {"type": "Point", "coordinates": [120.4568, 23.501]}, "properties": {"category": "公共廁所", "name": "中油台林男廁", "address": "嘉義市東區後湖里台林街393號", "toilet_type": "男廁所", "baby_station": false}}, {"type": "Feature", "geometry": {"type": "Point", "coordinates": [120.4708, 23.4777]}, "properties": {"category": "公共廁所", "name": "嘉峰加油站男女廁", "address": "嘉義市東區長竹里大雅路二段497號", "toilet_type": "混合廁所", "baby_station": false}}, {"type": "Feature", "geometry": {"type": "Point", "coordinates": [120.423, 23.4922]}, "properties": {"category": "公共廁所", "name": "北社尾公園男廁", "address": "嘉義市西區北湖里北社尾路上", "toilet_type": "男廁所", "baby_station": false}}, {"type": "Feature", "geometry": {"type": "Point", "coordinates": [120.423, 23.4922]}, "properties": {"category": "公共廁所", "name": "北社尾公園女廁", "address": "嘉義市西區北湖里北社尾路上", "toilet_type": "女廁所", "baby_station": false}}, {"type": "Feature", "geometry": {"type": "Point", "coordinates": [120.4195, 23.4851]}, "properties": {"category": "公共廁所", "name": "台亞嘉安加油站男廁", "address": "嘉義市西區大溪里北港路593號", "toilet_type": "男廁所", "baby_station": false}}, {"type": "Feature", "geometry": {"type": "Point", "coordinates": [120.4195, 23.4851]}, "properties": {"category": "公共廁所", "name": "台亞嘉安加油站女廁", "address": "嘉義市西區大溪里北港路593號", "toilet_type": "女廁所", "baby_station": false}}, {"type": "Feature", "geometry": {"type": "Point", "coordinates": [120.4358, 23.4853]}, "properties": {"category": "公共廁所", "name": "中油興達男女廁", "address": "嘉義市西區竹圍里建國路95號", "toilet_type": "混合廁所", "baby_station": false}}, {"type": "Feature", "geometry": {"type": "Point", "coordinates": [120.418061, 23.482858]}, "properties": {"category": "公共廁所", "name": "台糖嘉保加油站男廁", "address": "嘉義市西區大溪里高鐵大道566號", "toilet_type": "男廁所", "baby_station": false}}, {"type": "Feature", "geometry": {"type": "Point", "coordinates": [120.418061, 23.482858]}, "properties": {"category": "公共廁所", "name": "台糖嘉保加油站女廁", "address": "嘉義市西區大溪里高鐵大道566號", "toilet_type": "女廁所", "baby_station": false}}, {"type": "Feature", "geometry": {"type": "Point", "coordinates": [120.400372, 23.488331]}, "properties": {"category": "公共廁所", "name": "台灣中油嘉義高鐵北加油站男廁", "address": "嘉義市西區大溪里高鐵大道1250號", "toilet_type": "男廁所", "baby_station": false}}, {"type": "Feature", "geometry": {"type": "Point", "coordinates": [120.400372, 23.488331]}, "properties": {"category": "公共廁所", "name": "台灣中油嘉義高鐵北加油站女廁", "address": "嘉義市西區大溪里高鐵大道1250號", "toilet_type": "女廁所", "baby_station": false}}, {"type": "Feature", "geometry": {"type": "Point", "coordinates": [120.402355, 23.48696]}, "properties": {"category": "公共廁所", "name": "台灣中油嘉義高鐵南加油站男廁", "address": "嘉義市西區大溪里高鐵大道925號", "toilet_type": "男廁所", "baby_station": false}}, {"type": "Feature", "geometry": {"type": "Point", "coordinates": [120.402355, 23.48696]}, "properties": {"category": "公共廁所", "name": "台灣中油嘉義高鐵南加油站女廁", "address": "嘉義市西區大溪里高鐵大道925號", "toilet_type": "女廁所", "baby_station": false}}, {"type": "Feature", "geometry": {"type": "Point", "coordinates": [120.461355, 23.4751]}, "properties": {"category": "親子廁所", "name": "星巴克嘉邑店男廁", "address": "嘉義市東區朝陽里垂楊路2號", "toilet_type": "男廁所", "baby_station": true}}, {"type": "Feature", "geometry": {"type": "Point", "coordinates": [120.461355, 23.4751]}, "properties": {"category": "公共廁所", "name": "星巴克嘉邑店女廁", "address": "嘉義市東區朝陽里垂楊路2號", "toilet_type": "女廁所", "baby_station": false}}, {"type": "Feature", "geometry": {"type": "Point", "coordinates": [120.4542, 23.4739]}, "properties": {"category": "公共廁所", "name": "摩斯漢堡吳鳳店男廁", "address": "嘉義市東區興南里垂楊路235號", "toilet_type": "男廁所", "baby_station": false}}, {"type": "Feature", "geometry": {"type": "Point", "coordinates": [120.4542, 23.4739]}, "properties": {"category": "公共廁所", "name": "摩斯漢堡吳鳳店女廁", "address": "嘉義市東區興南里垂楊路235號", "toilet_type": "女廁所", "baby_station": false}}, {"type": "Feature", "geometry": {"type": "Point", "coordinates": [120.448, 23.4737]}, "properties": {"category": "公共廁所", "name": "麥當勞垂楊店男廁", "address": "嘉義市西區文化里垂楊路468號", "toilet_type": "男廁所", "baby_station": false}}, {"type": "Feature", "geometry": {"type": "Point", "coordinates": [120.448, 23.4737]}, "properties": {"category": "公共廁所", "name": "麥當勞垂楊店女廁", "address": "嘉義市西區文化里垂楊路468號", "toilet_type": "女廁所", "baby_station": false}}, {"type": "Feature", "geometry": {"type": "Point", "coordinates": [120.4484, 23.4738]}, "properties": {"category": "公共廁所", "name": "肯德基垂楊店男廁", "address": "嘉義市西區文化里垂楊路460號", "toilet_type": "男廁所", "baby_station": false}}, {"type": "Feature", "geometry": {"type": "Point", "coordinates": [120.4484, 23.4738]}, "properties": {"category": "公共廁所", "name": "肯德基垂楊店女廁", "address": "嘉義市西區文化里垂楊路460號", "toilet_type": "女廁所", "baby_station": false}}, {"type": "Feature", "geometry": {"type": "Point", "coordinates": [120.431, 23.4714]}, "properties": {"category": "公共廁所", "name": "家樂福嘉義店1F男廁", "address": "嘉義市西區西平里博愛路二段461號", "toilet_type": "男廁所", "baby_station": false}}, {"type": "Feature", "geometry": {"type": "Point", "coordinates": [120.431, 23.4714]}, "properties": {"category": "親子廁所", "name": "家樂福嘉義店1F女廁", "address": "嘉義市西區西平里博愛路二段461號", "toilet_type": "女廁所", "baby_station": true}}, {"type": "Feature", "geometry": {"type": "Point", "coordinates": [120.431, 23.4714]}, "properties": {"category": "親子廁所", "name": "家樂福嘉義店1F無障礙廁所", "address": "嘉義市西區西平里博愛路二段461號", "toilet_type": "無障礙廁所", "baby_station": true}}, {"type": "Feature", "geometry": {"type": "Point", "coordinates": [120.431, 23.4714]}, "properties": {"category": "公共廁所", "name": "家樂福嘉義店B1男廁", "address": "嘉義市西區西平里博愛路二段461號", "toilet_type": "男廁所", "baby_station": false}}, {"type": "Feature", "geometry": {"type": "Point", "coordinates": [120.431, 23.4714]}, "properties": {"category": "親子廁所", "name": "家樂福嘉義店B1女廁", "address": "嘉義市西區西平里博愛路二段461號", "toilet_type": "女廁所", "baby_station": true}}, {"type": "Feature", "geometry": {"type": "Point", "coordinates": [120.431, 23.4714]}, "properties": {"category": "親子廁所", "name": "家樂福嘉義店B1無障礙廁所", "address": "嘉義市西區西平里博愛路二段461號", "toilet_type": "無障礙廁所", "baby_station": true}}, {"type": "Feature", "geometry": {"type": "Point", "coordinates": [120.4376, 23.4789]}, "properties": {"category": "公共廁所", "name": "大潤發男廁", "address": "嘉義市西區後驛里博愛路二段281號", "toilet_type": "男廁所", "baby_station": false}}, {"type": "Feature", "geometry": {"type": "Point", "coordinates": [120.4376, 23.4789]}, "properties": {"category": "公共廁所", "name": "大潤發女廁", "address": "嘉義市西區後驛里博愛路二段281號", "toilet_type": "女廁所", "baby_station": false}}, {"type": "Feature", "geometry": {"type": "Point", "coordinates": [120.4376, 23.4789]}, "properties": {"category": "親子廁所", "name": "大潤發無障礙廁所", "address": "嘉義市西區後驛里博愛路二段281號", "toilet_type": "無障礙廁所", "baby_station": true}}, {"type": "Feature", "geometry": {"type": "Point", "coordinates": [120.458806, 23.456185]}, "properties": {"category": "公共廁所", "name": "麥當勞吳鳳南店男廁", "address": "嘉義市東區興村里吳鳳南路310號", "toilet_type": "男廁所", "baby_station": false}}, {"type": "Feature", "geometry": {"type": "Point", "coordinates": [120.458806, 23.456185]}, "properties": {"category": "公共廁所", "name": "麥當勞吳鳳南店女廁", "address": "嘉義市東區興村里吳鳳南路310號", "toilet_type": "女廁所", "baby_station": false}}, {"type": "Feature", "geometry": {"type": "Point", "coordinates": [120.4553, 23.4896]}, "properties": {"category": "親子廁所", "name": "家樂福北門店男廁", "address": "嘉義市東區林森里忠孝路346巷21號", "toilet_type": "男廁所", "baby_station": true}}, {"type": "Feature", "geometry": {"type": "Point", "coordinates": [120.4553, 23.4896]}, "properties": {"category": "親子廁所", "name": "家樂福北門店女廁", "address": "嘉義市東區林森里忠孝路346巷21號", "toilet_type": "女廁所", "baby_station": true}}, {"type": "Feature", "geometry": {"type": "Point", "coordinates": [120.4553, 23.4896]}, "properties": {"category": "公共廁所", "name": "家樂福北門店無障礙廁所", "address": "嘉義市東區林森里忠孝路346巷21號", "toilet_type": "無障礙廁所", "baby_station": false}}, {"type": "Feature", "geometry": {"type": "Point", "coordinates": [120.4515, 23.4954]}, "properties": {"category": "公共廁所", "name": "麥當勞忠孝店男廁", "address": "嘉義市東區中庄里忠孝路491號", "toilet_type": "男廁所", "baby_station": false}}, {"type": "Feature", "geometry": {"type": "Point", "coordinates": [120.4515, 23.4954]}, "properties": {"category": "公共廁所", "name": "麥當勞忠孝店女廁", "address": "嘉義市東區中庄里忠孝路491號", "toilet_type": "女廁所", "baby_station": false}}, {"type": "Feature", "geometry": {"type": "Point", "coordinates": [120.448, 23.4799]}, "properties": {"category": "公共廁所", "name": "麥當勞中山店男廁", "address": "嘉義市西區國華里中山路318號", "toilet_type": "男廁所", "baby_station": false}}, {"type": "Feature", "geometry": {"type": "Point", "coordinates": [120.448, 23.4799]}, "properties": {"category": "公共廁所", "name": "麥當勞中山店女廁", "address": "嘉義市西區國華里中山路318號", "toilet_type": "女廁所", "baby_station": false}}, {"type": "Feature", "geometry": {"type": "Point", "coordinates": [120.4414, 23.4781]}, "properties": {"category": "公共廁所", "name": "嘉年華戲院1F男廁", "address": "嘉義市西區書院里中山路617號", "toilet_type": "男廁所", "baby_station": false}}, {"type": "Feature", "geometry": {"type": "Point", "coordinates": [120.4414, 23.4781]}, "properties": {"category": "公共廁所", "name": "嘉年華戲院1F女廁", "address": "嘉義市西區書院里中山路617號", "toilet_type": "女廁所", "baby_station": false}}, {"type": "Feature", "geometry": {"type": "Point", "coordinates": [120.4414, 23.4781]}, "properties": {"category": "公共廁所", "name": "嘉年華戲院1F無障礙廁所", "address": "嘉義市西區書院里中山路617號", "toilet_type": "無障礙廁所", "baby_station": false}}, {"type": "Feature", "geometry": {"type": "Point", "coordinates": [120.4414, 23.4781]}, "properties": {"category": "公共廁所", "name": "嘉年華戲院4F男廁-1", "address": "嘉義市西區書院里中山路617號", "toilet_type": "男廁所", "baby_station": false}}, {"type": "Feature", "geometry": {"type": "Point", "coordinates": [120.4414, 23.4781]}, "properties": {"category": "公共廁所", "name": "嘉年華戲院4F女廁-1", "address": "嘉義市西區書院里中山路617號", "toilet_type": "女廁所", "baby_station": false}}, {"type": "Feature", "geometry": {"type": "Point", "coordinates": [120.4414, 23.4781]}, "properties": {"category": "公共廁所", "name": "嘉年華戲院4F無障礙廁所", "address": "嘉義市西區書院里中山路617號", "toilet_type": "無障礙廁所", "baby_station": false}}, {"type": "Feature", "geometry": {"type": "Point", "coordinates": [120.4414, 23.4781]}, "properties": {"category": "公共廁所", "name": "嘉年華戲院4F男廁-2", "address": "嘉義市西區書院里中山路617號", "toilet_type": "男廁所", "baby_station": false}}, {"type": "Feature", "geometry": {"type": "Point", "coordinates": [120.4414, 23.4781]}, "properties": {"category": "公共廁所", "name": "嘉年華戲院4F親子廁所", "address": "嘉義市西區書院里中山路617號", "toilet_type": "親子廁所", "baby_station": false}}, {"type": "Feature", "geometry": {"type": "Point", "coordinates": [120.4438, 23.4792]}, "properties": {"category": "公共廁所", "name": "摩斯漢堡中山店男廁", "address": "嘉義市西區書院里中山路547號", "toilet_type": "男廁所", "baby_station": false}}, {"type": "Feature", "geometry": {"type": "Point", "coordinates": [120.4438, 23.4792]}, "properties": {"category": "公共廁所", "name": "摩斯漢堡中山店女廁", "address": "嘉義市西區書院里中山路547號", "toilet_type": "女廁所", "baby_station": false}}, {"type": "Feature", "geometry": {"type": "Point", "coordinates": [120.4294, 23.4802]}, "properties": {"category": "公共廁所", "name": "麥當勞北港店男廁", "address": "嘉義市西區福安里北港路253號", "toilet_type": "男廁所", "baby_station": false}}, {"type": "Feature", "geometry": {"type": "Point", "coordinates": [120.4294, 23.4802]}, "properties": {"category": "公共廁所", "name": "麥當勞北港店女廁", "address": "嘉義市西區福安里北港路253號", "toilet_type": "女廁所", "baby_station": false}}, {"type": "Feature", "geometry": {"type": "Point", "coordinates": [120.42917, 23.47963]}, "properties": {"category": "公共廁所", "name": "肯德基中興店男廁", "address": "嘉義市西區福安里中興路396號", "toilet_type": "男廁所", "baby_station": false}}, {"type": "Feature", "geometry": {"type": "Point", "coordinates": [120.42917, 23.47963]}, "properties": {"category": "公共廁所", "name": "肯德基中興店女廁", "address": "嘉義市西區福安里中興路396號", "toilet_type": "女廁所", "baby_station": false}}, {"type": "Feature", "geometry": {"type": "Point", "coordinates": [120.42917, 23.47963]}, "properties": {"category": "公共廁所", "name": "肯德基中興店無障礙廁所", "address": "嘉義市西區福安里中興路396號", "toilet_type": "無障礙廁所", "baby_station": false}}, {"type": "Feature", "geometry": {"type": "Point", "coordinates": [120.429049, 23.479465]}, "properties": {"category": "公共廁所", "name": "星巴克中興店混合廁", "address": "嘉義市西區福安里中興路398號", "toilet_type": "男廁所", "baby_station": false}}, {"type": "Feature", "geometry": {"type": "Point", "coordinates": [120.429049, 23.479465]}, "properties": {"category": "公共廁所", "name": "星巴克中興店女廁", "address": "嘉義市西區福安里中興路398號", "toilet_type": "女廁所", "baby_station": false}}, {"type": "Feature", "geometry": {"type": "Point", "coordinates": [120.4533935, 23.48038951]}, "properties": {"category": "公共廁所", "name": "陽明醫院1F男廁", "address": "嘉義市東區東興里吳鳳北路252號", "toilet_type": "男廁所", "baby_station": false}}, {"type": "Feature", "geometry": {"type": "Point", "coordinates": [120.453372, 23.48040919]}, "properties": {"category": "公共廁所", "name": "陽明醫院1F女廁", "address": "嘉義市東區東興里吳鳳北路252號", "toilet_type": "女廁所", "baby_station": false}}, {"type": "Feature", "geometry": {"type": "Point", "coordinates": [120.4533935, 23.48040919]}, "properties": {"category": "公共廁所", "name": "陽明醫院1F無障礙廁所", "address": "嘉義市東區東興里吳鳳北路252號", "toilet_type": "無障礙廁所", "baby_station": false}}, {"type": "Feature", "geometry": {"type": "Point", "coordinates": [120.4534578, 23.48038951]}, "properties": {"category": "公共廁所", "name": "陽明醫院2F男廁", "address": "嘉義市東區東興里吳鳳北路252號", "toilet_type": "男廁所", "baby_station": false}}, {"type": "Feature", "geometry": {"type": "Point", "coordinates": [120.4534578, 23.48046823]}, "properties": {"category": "公共廁所", "name": "陽明醫院2F女廁", "address": "嘉義市東區東興里吳鳳北路252號", "toilet_type": "女廁所", "baby_station": false}}, {"type": "Feature", "geometry": {"type": "Point", "coordinates": [120.4535222, 23.48042887]}, "properties": {"category": "公共廁所", "name": "陽明醫院2F無障礙廁所", "address": "嘉義市東區東興里吳鳳北路252號", "toilet_type": "無障礙廁所", "baby_station": false}}, {"type": "Feature", "geometry": {"type": "Point", "coordinates": [120.453372, 23.48040919]}, "properties": {"category": "公共廁所", "name": "陽明醫院3F男廁", "address": "嘉義市東區東興里吳鳳北路252號", "toilet_type": "男廁所", "baby_station": false}}, {"type": "Feature", "geometry": {"type": "Point", "coordinates": [120.4535008, 23.48044855]}, "properties": {"category": "公共廁所", "name": "陽明醫院3F女廁", "address": "嘉義市東區東興里吳鳳北路252號", "toilet_type": "女廁所", "baby_station": false}}, {"type": "Feature", "geometry": {"type": "Point", "coordinates": [120.4533935, 23.48040919]}, "properties": {"category": "公共廁所", "name": "陽明醫院5F男廁", "address": "嘉義市東區東興里吳鳳北路252號", "toilet_type": "男廁所", "baby_station": false}}, {"type": "Feature", "geometry": {"type": "Point", "coordinates": [120.4535008, 23.48042887]}, "properties": {"category": "公共廁所", "name": "陽明醫院5F女廁", "address": "嘉義市東區東興里吳鳳北路252號", "toilet_type": "女廁所", "baby_station": false}}, {"type": "Feature", "geometry": {"type": "Point", "coordinates": [120.4535008, 23.48040919]}, "properties": {"category": "公共廁所", "name": "陽明醫院6F男廁", "address": "嘉義市東區東興里吳鳳北路252號", "toilet_type": "男廁所", "baby_station": false}}, {"type": "Feature", "geometry": {"type": "Point", "coordinates": [120.4534149, 23.48040919]}, "properties": {"category": "公共廁所", "name": "陽明醫院6F女廁", "address": "嘉義市東區東興里吳鳳北路252號", "toilet_type": "女廁所", "baby_station": false}}, {"type": "Feature", "geometry": {"type": "Point", "coordinates": [120.4534149, 23.48040919]}, "properties": {"category": "公共廁所", "name": "陽明醫院7F男廁", "address": "嘉義市東區東興里吳鳳北路252號", "toilet_type": "男廁所", "baby_station": false}}, {"type": "Feature", "geometry": {"type": "Point", "coordinates": [120.45319, 23.48057]}, "properties": {"category": "公共廁所", "name": "陽明醫院7F女廁", "address": "嘉義市東區東興里吳鳳北路252號", "toilet_type": "女廁所", "baby_station": false}}, {"type": "Feature", "geometry": {"type": "Point", "coordinates": [120.45319, 23.48057]}, "properties": {"category": "公共廁所", "name": "陽明醫院8F男廁", "address": "嘉義市東區東興里吳鳳北路252號", "toilet_type": "男廁所", "baby_station": false}}, {"type": "Feature", "geometry": {"type": "Point", "coordinates": [120.453313, 23.48047315]}, "properties": {"category": "公共廁所", "name": "陽明醫院8F女廁", "address": "嘉義市東區東興里吳鳳北路252號", "toilet_type": "女廁所", "baby_station": false}}, {"type": "Feature", "geometry": {"type": "Point", "coordinates": [120.4475784, 23.48218046]}, "properties": {"category": "公共廁所", "name": "盧亞人醫院1F男廁", "address": "嘉義市西區國華里民權路406號", "toilet_type": "男廁所", "baby_station": false}}, {"type": "Feature", "geometry": {"type": "Point", "coordinates": [120.4476214, 23.4822395]}, "properties": {"category": "公共廁所", "name": "盧亞人醫院1F女廁", "address": "嘉義市西區國華里民權路406號", "toilet_type": "女廁所", "baby_station": false}}, {"type": "Feature", "geometry": {"type": "Point", "coordinates": [120.4322147, 23.47954323]}, "properties": {"category": "公共廁所", "name": "嘉義醫院急診男廁", "address": "嘉義市西區福安里北港路312號", "toilet_type": "男廁所", "baby_station": false}}, {"type": "Feature", "geometry": {"type": "Point", "coordinates": [120.4292107, 23.48141291]}, "properties": {"category": "公共廁所", "name": "嘉義醫院急診女廁", "address": "嘉義市西區福安里北港路312號", "toilet_type": "女廁所", "baby_station": false}}, {"type": "Feature", "geometry": {"type": "Point", "coordinates": [120.4290605, 23.48129483]}, "properties": {"category": "公共廁所", "name": "嘉義醫院1樓西側男廁", "address": "嘉義市西區福安里北港路312號", "toilet_type": "男廁所", "baby_station": false}}, {"type": "Feature", "geometry": {"type": "Point", "coordinates": [120.4292536, 23.48117674]}, "properties": {"category": "公共廁所", "name": "嘉義醫院1樓西側女廁", "address": "嘉義市西區福安里北港路312號", "toilet_type": "女廁所", "baby_station": false}}, {"type": "Feature", "geometry": {"type": "Point", "coordinates": [120.429039, 23.48129483]}, "properties": {"category": "公共廁所", "name": "嘉義醫院1樓西側無障礙廁所", "address": "嘉義市西區福安里北港路312號", "toilet_type": "無障礙廁所", "baby_station": false}}, {"type": "Feature", "geometry": {"type": "Point", "coordinates": [120.4291463, 23.48143259]}, "properties": {"category": "公共廁所", "name": "嘉義醫院1樓收發後男廁", "address": "嘉義市西區福安里北港路312號", "toilet_type": "男廁所", "baby_station": false}}, {"type": "Feature", "geometry": {"type": "Point", "coordinates": [120.4290605, 23.48129483]}, "properties": {"category": "公共廁所", "name": "嘉義醫院1樓收發後無障礙廁所", "address": "嘉義市西區福安里北港路312號", "toilet_type": "無障礙廁所", "baby_station": false}}, {"type": "Feature", "geometry": {"type": "Point", "coordinates": [120.4289746, 23.48137355]}, "properties": {"category": "公共廁所", "name": "嘉義醫院1樓檢驗科旁親子廁所", "address": "嘉義市西區福安里北港路312號", "toilet_type": "親子廁所", "baby_station": false}}, {"type": "Feature", "geometry": {"type": "Point", "coordinates": [120.4293394, 23.48141291]}, "properties": {"category": "公共廁所", "name": "嘉義醫院1樓檢驗科旁廁所", "address": "嘉義市西區福安里北港路312號", "toilet_type": "混合廁所", "baby_station": false}}, {"type": "Feature", "geometry": {"type": "Point", "coordinates": [120.4291678, 23.48127515]}, "properties": {"category": "公共廁所", "name": "嘉義醫院2樓右側復健科外男廁", "address": "嘉義市西區福安里北港路312號", "toilet_type": "男廁所", "baby_station": false}}, {"type": "Feature", "geometry": {"type": "Point", "coordinates": [120.4292321, 23.48135387]}, "properties": {"category": "親子廁所", "name": "嘉義醫院2樓右側復健科外女廁", "address": "嘉義市西區福安里北港路312號", "toilet_type": "女廁所", "baby_station": true}}, {"type": "Feature", "geometry": {"type": "Point", "coordinates": [120.4230523, 23.46678931]}, "properties": {"category": "公共廁所", "name": "台中榮總嘉義分院A棟1F中醫旁男廁", "address": "嘉義市西區劉厝里世賢路二段600號", "toilet_type": "男廁所", "baby_station": false}}, {"type": "Feature", "geometry": {"type": "Point", "coordinates": [120.4230309, 23.46678931]}, "properties": {"category": "公共廁所", "name": "台中榮總嘉義分院A棟1F中醫旁女廁", "address": "嘉義市西區劉厝里世賢路二段600號", "toilet_type": "女廁所", "baby_station": false}}, {"type": "Feature", "geometry": {"type": "Point", "coordinates": [120.4230523, 23.46688772]}, "properties": {"category": "公共廁所", "name": "台中榮總嘉義分院A棟2F眼科旁男廁", "address": "嘉義市西區劉厝里世賢路二段600號", "toilet_type": "男廁所", "baby_station": false}}, {"type": "Feature", "geometry": {"type": "Point", "coordinates": [120.4229236, 23.46665153]}, "properties": {"category": "公共廁所", "name": "台中榮總嘉義分院A棟2F眼科旁女廁", "address": "嘉義市西區劉厝里世賢路二段600號", "toilet_type": "女廁所", "baby_station": false}}, {"type": "Feature", "geometry": {"type": "Point", "coordinates": [120.4230309, 23.46667121]}, "properties": {"category": "公共廁所", "name": "台中榮總嘉義分院A棟2F門診區男廁", "address": "嘉義市西區劉厝里世賢路二段600號", "toilet_type": "男廁所", "baby_station": false}}, {"type": "Feature", "geometry": {"type": "Point", "coordinates": [120.4231811, 23.46680899]}, "properties": {"category": "公共廁所", "name": "台中榮總嘉義分院A棟2F門診區女廁", "address": "嘉義市西區劉厝里世賢路二段600號", "toilet_type": "女廁所", "baby_station": false}}, {"type": "Feature", "geometry": {"type": "Point", "coordinates": [120.4229236, 23.46669089]}, "properties": {"category": "公共廁所", "name": "台中榮總嘉義分院A棟2F門診區無障礙廁所", "address": "嘉義市西區劉厝里世賢路二段600號", "toilet_type": "無障礙廁所", "baby_station": false}}, {"type": "Feature", "geometry": {"type": "Point", "coordinates": [120.4227734, 23.46649406]}, "properties": {"category": "公共廁所", "name": "台中榮總嘉義分院C棟1F男廁", "address": "嘉義市西區劉厝里世賢路二段600號", "toilet_type": "男廁所", "baby_station": false}}, {"type": "Feature", "geometry": {"type": "Point", "coordinates": [120.4229665, 23.46669089]}, "properties": {"category": "公共廁所", "name": "台中榮總嘉義分院C棟1F女廁", "address": "嘉義市西區劉厝里世賢路二段600號", "toilet_type": "女廁所", "baby_station": false}}, {"type": "Feature", "geometry": {"type": "Point", "coordinates": [120.4230738, 23.46667121]}, "properties": {"category": "公共廁所", "name": "台中榮總嘉義分院E棟1F男廁", "address": "嘉義市西區劉厝里世賢路二段600號", "toilet_type": "男廁所", "baby_station": false}}, {"type": "Feature", "geometry": {"type": "Point", "coordinates": [120.4230738, 23.46661216]}, "properties": {"category": "公共廁所", "name": "台中榮總嘉義分院E棟1F女廁", "address": "嘉義市西區劉厝里世賢路二段600號", "toilet_type": "女廁所", "baby_station": false}}, {"type": "Feature", "geometry": {"type": "Point", "coordinates": [120.441352, 23.473393]}, "properties": {"category": "公共廁所", "name": "新光三越百貨B2女", "address": "嘉義市西區永和里垂楊路726號", "toilet_type": "女廁所", "baby_station": false}}, {"type": "Feature", "geometry": {"type": "Point", "coordinates": [120.441352, 23.473393]}, "properties": {"category": "公共廁所", "name": "新光三越百貨B3男女廁", "address": "嘉義市西區永和里垂楊路726號", "toilet_type": "混合廁所", "baby_station": false}}, {"type": "Feature", "geometry": {"type": "Point", "coordinates": [120.441352, 23.473393]}, "properties": {"category": "公共廁所", "name": "新光三越百貨B4男女廁", "address": "嘉義市西區永和里垂楊路726號", "toilet_type": "混合廁所", "baby_station": false}}, {"type": "Feature", "geometry": {"type": "Point", "coordinates": [120.466826, 23.48963921]}, "properties": {"category": "公共廁所", "name": "真武宮男廁", "address": "嘉義市東區新店里林森東路364巷6號", "toilet_type": "男廁所", "baby_station": false}}, {"type": "Feature", "geometry": {"type": "Point", "coordinates": [120.4434586, 23.48110786]}, "properties": {"category": "公共廁所", "name": "順天宮", "address": "嘉義市西區番社里林森西路452巷5號", "toilet_type": "混合廁所", "baby_station": false}}, {"type": "Feature", "geometry": {"type": "Point", "coordinates": [120.448395, 23.47939]}, "properties": {"category": "公共廁所", "name": "西市場1F-右側男", "address": "嘉義市西區文化里國華街245號近國華街", "toilet_type": "男廁所", "baby_station": false}}, {"type": "Feature", "geometry": {"type": "Point", "coordinates": [120.44834, 23.47923]}, "properties": {"category": "公共廁所", "name": "西市場1F-右側女", "address": "嘉義市西區文化里國華街245號近國華街", "toilet_type": "女廁所", "baby_station": false}}, {"type": "Feature", "geometry": {"type": "Point", "coordinates": [120.4480934, 23.47940546]}, "properties": {"category": "公共廁所", "name": "西市場1F-左側男", "address": "嘉義市西區文化里國華街245號近國華街", "toilet_type": "男廁所", "baby_station": false}}, {"type": "Feature", "geometry": {"type": "Point", "coordinates": [120.4482114, 23.47949403]}, "properties": {"category": "公共廁所", "name": "西市場1F-左側女", "address": "嘉義市西區文化里國華街245號近國華街", "toilet_type": "女廁所", "baby_station": false}}, {"type": "Feature", "geometry": {"type": "Point", "coordinates": [120.4647875, 23.47418988]}, "properties": {"category": "公共廁所", "name": "全家日新店", "address": "嘉義市東區短竹里彌陀路238巷69號", "toilet_type": "混合廁所", "baby_station": false}}, {"type": "Feature", "geometry": {"type": "Point", "coordinates": [120.4597664, 23.49081998]}, "properties": {"category": "公共廁所", "name": "全家博東店", "address": "嘉義市東區太平里博東路183號", "toilet_type": "混合廁所", "baby_station": false}}, {"type": "Feature", "geometry": {"type": "Point", "coordinates": [120.4608822, 23.4684033]}, "properties": {"category": "公共廁所", "name": "全家宣信店", "address": "嘉義市東區芳草里宣信街248號", "toilet_type": "混合廁所", "baby_station": false}}, {"type": "Feature", "geometry": {"type": "Point", "coordinates": [120.4527068, 23.45991979]}, "properties": {"category": "公共廁所", "name": "全家興安店", "address": "嘉義市東區興安里興安街199號", "toilet_type": "混合廁所", "baby_station": false}}, {"type": "Feature", "geometry": {"type": "Point", "coordinates": [120.4539728, 23.49420478]}, "properties": {"category": "公共廁所", "name": "全家仁義店", "address": "嘉義市東區仁義里台林街99號", "toilet_type": "混合廁所", "baby_station": false}}, {"type": "Feature", "geometry": {"type": "Point", "coordinates": [120.45582, 23.48168]}, "properties": {"category": "公共廁所", "name": "7-11嘉和門市", "address": "嘉義市東區東興里中山路171號", "toilet_type": "混合廁所", "baby_station": false}}, {"type": "Feature", "geometry": {"type": "Point", "coordinates": [120.4554319, 23.46350222]}, "properties": {"category": "公共廁所", "name": "7-11新大業門市", "address": "嘉義市東區安業里吳鳳南路194號", "toilet_type": "混合廁所", "baby_station": false}}, {"type": "Feature", "geometry": {"type": "Point", "coordinates": [120.4635644, 23.46489973]}, "properties": {"category": "公共廁所", "name": "7-11立宣門市", "address": "嘉義市東區芳安里立仁路120號", "toilet_type": "混合廁所", "baby_station": false}}, {"type": "Feature", "geometry": {"type": "Point", "coordinates": [120.4733706, 23.47735862]}, "properties": {"category": "公共廁所", "name": "7-11嘉雅門市", "address": "嘉義市東區長竹里二段421號1樓", "toilet_type": "混合廁所", "baby_station": false}}, {"type": "Feature", "geometry": {"type": "Point", "coordinates": [120.4554319, 23.48326289]}, "properties": {"category": "公共廁所", "name": "7-11嘉府門市", "address": "嘉義市東區林森里民權路194號", "toilet_type": "混合廁所", "baby_station": false}}, {"type": "Feature", "geometry": {"type": "Point", "coordinates": [120.4428792, 23.51626291]}, "properties": {"category": "公共廁所", "name": "7-11嘉英門市", "address": "嘉義市東區荖藤里忠孝北街206號", "toilet_type": "混合廁所", "baby_station": false}}, {"type": "Feature", "geometry": {"type": "Point", "coordinates": [120.45074, 23.5002]}, "properties": {"category": "公共廁所", "name": "7-11新嘉基門市", "address": "嘉義市東區義教里忠孝路650號", "toilet_type": "混合廁所", "baby_station": false}}, {"type": "Feature", "geometry": {"type": "Point", "coordinates": [120.453608, 23.49373249]}, "properties": {"category": "公共廁所", "name": "7-11台林門市", "address": "嘉義市東區仁義里新生路723號", "toilet_type": "混合廁所", "baby_station": false}}, {"type": "Feature", "geometry": {"type": "Point", "coordinates": [120.4655409, 23.48849123]}, "properties": {"category": "公共廁所", "name": "7-11元福門市", "address": "嘉義市東區王田里林森東路288號", "toilet_type": "混合廁所", "baby_station": false}}, {"type": "Feature", "geometry": {"type": "Point", "coordinates": [120.4629636, 23.48389266]}, "properties": {"category": "公共廁所", "name": "萊爾富嘉義啟園店", "address": "嘉義市東區中山里啟民路283號", "toilet_type": "混合廁所", "baby_station": false}}, {"type": "Feature", "geometry": {"type": "Point", "coordinates": [120.4579425, 23.46944648]}, "properties": {"category": "公共廁所", "name": "萊爾富嘉義國興店", "address": "嘉義市東區宣信里興業東路160號", "toilet_type": "混合廁所", "baby_station": false}}, {"type": "Feature", "geometry": {"type": "Point", "coordinates": [120.4419565, 23.48391235]}, "properties": {"category": "公共廁所", "name": "7-11新嘉勝門市", "address": "嘉義市西區慶安里博愛路一段421號", "toilet_type": "混合廁所", "baby_station": false}}, {"type": "Feature", "geometry": {"type": "Point", "coordinates": [120.4305196, 23.48930466]}, "properties": {"category": "公共廁所", "name": "7-11八大門市", "address": "嘉義市西區保安里八德路237號", "toilet_type": "混合廁所", "baby_station": false}}, {"type": "Feature", "geometry": {"type": "Point", "coordinates": [120.4261208, 23.47170995]}, "properties": {"category": "公共廁所", "name": "7-11新港坪門市", "address": "嘉義市西區西平里玉山路203號", "toilet_type": "混合廁所", "baby_station": false}}, {"type": "Feature", "geometry": {"type": "Point", "coordinates": [120.4182029, 23.4706471]}, "properties": {"category": "公共廁所", "name": "7-11資砡門市", "address": "嘉義市西區港坪里玉山路422號", "toilet_type": "混合廁所", "baby_station": false}}, {"type": "Feature", "geometry": {"type": "Point", "coordinates": [120.4304981, 23.47157217]}, "properties": {"category": "公共廁所", "name": "7-11博元門市", "address": "嘉義市西區西平里博愛路二段572號", "toilet_type": "混合廁所", "baby_station": false}}, {"type": "Feature", "geometry": {"type": "Point", "coordinates": [120.4321933, 23.46612009]}, "properties": {"category": "公共廁所", "name": "7-11嘉上門市", "address": "嘉義市西區車店里上海路147號", "toilet_type": "混合廁所", "baby_station": false}}, {"type": "Feature", "geometry": {"type": "Point", "coordinates": [120.4383516, 23.4704798]}, "properties": {"category": "公共廁所", "name": "全家上新店", "address": "嘉義市西區垂楊里上海路322號", "toilet_type": "混合廁所", "baby_station": false}}, {"type": "Feature", "geometry": {"type": "Point", "coordinates": [120.4434103, 23.45935879]}, "properties": {"category": "公共廁所", "name": "全家光路店", "address": "嘉義市西區光路里民生南路530號", "toilet_type": "混合廁所", "baby_station": false}}, {"type": "Feature", "geometry": {"type": "Point", "coordinates": [120.4222369, 23.46497846]}, "properties": {"category": "公共廁所", "name": "全家自強店", "address": "嘉義市西區劉厝里自強街86號", "toilet_type": "混合廁所", "baby_station": false}}, {"type": "Feature", "geometry": {"type": "Point", "coordinates": [120.4497027, 23.47615805]}, "properties": {"category": "公共廁所", "name": "7-11新瑞鴻門市", "address": "嘉義市西區文化里民族路458號", "toilet_type": "混合廁所", "baby_station": false}}, {"type": "Feature", "geometry": {"type": "Point", "coordinates": [120.44338, 23.46992]}, "properties": {"category": "公共廁所", "name": "7-11鈺順門市", "address": "嘉義市西區翠岱里新榮路35巷20號", "toilet_type": "混合廁所", "baby_station": false}}, {"type": "Feature", "geometry": {"type": "Point", "coordinates": [120.4784131, 23.47890359]}, "properties": {"category": "公共廁所", "name": "貴族世家嘉義大雅店女廁", "address": "嘉義市東區長竹里大雅路二段167號", "toilet_type": "女廁所", "baby_station": false}}, {"type": "Feature", "geometry": {"type": "Point", "coordinates": [120.47017, 23.47681]}, "properties": {"category": "公共廁所", "name": "嘉義噴水雞肉飯小雅店男廁", "address": "嘉義市東區長竹里小雅路382號", "toilet_type": "男廁所", "baby_station": false}}, {"type": "Feature", "geometry": {"type": "Point", "coordinates": [120.470109, 23.47726021]}, "properties": {"category": "公共廁所", "name": "嘉義噴水雞肉飯小雅店女廁", "address": "嘉義市東區長竹里小雅路382號", "toilet_type": "女廁所", "baby_station": false}}, {"type": "Feature", "geometry": {"type": "Point", "coordinates": [120.4690898, 23.47801794]}, "properties": {"category": "公共廁所", "name": "玫瑰園咖啡簡餐男廁", "address": "嘉義市東區東川里大雅路二段536號", "toilet_type": "男廁所", "baby_station": false}}, {"type": "Feature", "geometry": {"type": "Point", "coordinates": [120.469079, 23.4780573]}, "properties": {"category": "公共廁所", "name": "玫瑰園咖啡簡餐女廁", "address": "嘉義市東區東川里大雅路二段536號", "toilet_type": "女廁所", "baby_station": false}}, {"type": "Feature", "geometry": {"type": "Point", "coordinates": [120.4405, 23.466]}, "properties": {"category": "公共廁所", "name": "左阜右邑新民店男廁", "address": "嘉義市西區美源里新民路618號", "toilet_type": "男廁所", "baby_station": false}}, {"type": "Feature", "geometry": {"type": "Point", "coordinates": [120.4405, 23.466]}, "properties": {"category": "公共廁所", "name": "左阜右邑新民店女廁", "address": "嘉義市西區美源里新民路618號", "toilet_type": "女廁所", "baby_station": false}}, {"type": "Feature", "geometry": {"type": "Point", "coordinates": [120.4484743, 23.48049776]}, "properties": {"category": "公共廁所", "name": "品田牧場嘉義國華店男廁", "address": "嘉義市西區國華里國華街212號", "toilet_type": "男廁所", "baby_station": false}}, {"type": "Feature", "geometry": {"type": "Point", "coordinates": [120.4484797, 23.48049038]}, "properties": {"category": "公共廁所", "name": "品田牧場嘉義國華店女廁", "address": "嘉義市西區國華里國華街212號", "toilet_type": "女廁所", "baby_station": false}}, {"type": "Feature", "geometry": {"type": "Point", "coordinates": [120.447915, 23.483783]}, "properties": {"category": "公共廁所", "name": "陶板屋嘉義林森西店男廁", "address": "嘉義市西區國華里林森西路153號", "toilet_type": "男廁所", "baby_station": false}}, {"type": "Feature", "geometry": {"type": "Point", "coordinates": [120.447915, 23.483783]}, "properties": {"category": "公共廁所", "name": "陶板屋嘉義林森西店女廁", "address": "嘉義市西區國華里林森西路153號", "toilet_type": "女廁所", "baby_station": false}}, {"type": "Feature", "geometry": {"type": "Point", "coordinates": [120.4492736, 23.48076345]}, "properties": {"category": "公共廁所", "name": "西堤牛排文化店男廁", "address": "嘉義市西區國華里文化路155號", "toilet_type": "男廁所", "baby_station": false}}, {"type": "Feature", "geometry": {"type": "Point", "coordinates": [120.4493058, 23.48076345]}, "properties": {"category": "公共廁所", "name": "西堤牛排文化店女廁", "address": "嘉義市西區國華里文化路155號", "toilet_type": "女廁所", "baby_station": false}}, {"type": "Feature", "geometry": {"type": "Point", "coordinates": [120.4539514, 23.49627104]}, "properties": {"category": "公共廁所", "name": "左阜右邑新生店男廁", "address": "嘉義市東區義教里新生路830號", "toilet_type": "男廁所", "baby_station": false}}, {"type": "Feature", "geometry": {"type": "Point", "coordinates": [120.4539514, 23.49627104]}, "properties": {"category": "公共廁所", "name": "左阜右邑新生店女廁", "address": "嘉義市東區義教里新生路830號", "toilet_type": "女廁所", "baby_station": false}}, {"type": "Feature", "geometry": {"type": "Point", "coordinates": [120.4443383, 23.4876122]}, "properties": {"category": "公共廁所", "name": "小原婚宴餐廳1F男廁", "address": "嘉義市西區湖邊里博愛路一段372號", "toilet_type": "男廁所", "baby_station": false}}, {"type": "Feature", "geometry": {"type": "Point", "coordinates": [120.4443383, 23.4876122]}, "properties": {"category": "公共廁所", "name": "小原婚宴餐廳1F女廁", "address": "嘉義市西區湖邊里博愛路一段372號", "toilet_type": "女廁所", "baby_station": false}}, {"type": "Feature", "geometry": {"type": "Point", "coordinates": [120.4611504, 23.47502636]}, "properties": {"category": "公共廁所", "name": "千葉火鍋嘉義尊爵館男廁", "address": "嘉義市東區朝陽里垂楊路6號", "toilet_type": "男廁所", "baby_station": false}}, {"type": "Feature", "geometry": {"type": "Point", "coordinates": [120.4611504, 23.47506572]}, "properties": {"category": "公共廁所", "name": "千葉火鍋嘉義尊爵館女廁", "address": "嘉義市東區朝陽里垂楊路6號", "toilet_type": "女廁所", "baby_station": false}}, {"type": "Feature", "geometry": {"type": "Point", "coordinates": [120.4519987, 23.47419972]}, "properties": {"category": "公共廁所", "name": "点爭鮮嘉義店男女廁", "address": "嘉義市東區過溝里垂楊路322號", "toilet_type": "混合廁所", "baby_station": false}}, {"type": "Feature", "geometry": {"type": "Point", "coordinates": [120.4519987, 23.47419972]}, "properties": {"category": "公共廁所", "name": "点爭鮮嘉義店無障礙廁所", "address": "嘉義市東區過溝里垂楊路322號", "toilet_type": "無障礙廁所", "baby_station": false}}, {"type": "Feature", "geometry": {"type": "Point", "coordinates": [120.45262, 23.4811]}, "properties": {"category": "公共廁所", "name": "樂檸漢堡嘉義中山市府門市男女廁", "address": "嘉義市東區中央里中山路203號1樓", "toilet_type": "混合廁所", "baby_station": false}}, {"type": "Feature", "geometry": {"type": "Point", "coordinates": [120.4397142, 23.47242343]}, "properties": {"category": "公共廁所", "name": "嘉義噴水雞肉飯新民店", "address": "嘉義市西區垂楊里新民路880號", "toilet_type": "混合廁所", "baby_station": false}}, {"type": "Feature", "geometry": {"type": "Point", "coordinates": [120.4282343, 23.47567585]}, "properties": {"category": "公共廁所", "name": "滿福樓海宴餐廳男廁", "address": "嘉義市西區磚磘里中興路615號", "toilet_type": "男廁所", "baby_station": false}}, {"type": "Feature", "geometry": {"type": "Point", "coordinates": [120.4282022, 23.47566601]}, "properties": {"category": "公共廁所", "name": "滿福樓海宴餐廳女廁", "address": "嘉義市西區磚磘里中興路615號", "toilet_type": "女廁所", "baby_station": false}}, {"type": "Feature", "geometry": {"type": "Point", "coordinates": [120.4368268, 23.48019393]}, "properties": {"category": "公共廁所", "name": "船老大囍宴餐廳男廁", "address": "嘉義市西區後驛里友忠路582號", "toilet_type": "男廁所", "baby_station": false}}, {"type": "Feature", "geometry": {"type": "Point", "coordinates": [120.4368563, 23.48019393]}, "properties": {"category": "公共廁所", "name": "船老大囍宴餐廳女廁", "address": "嘉義市西區後驛里友忠路582號", "toilet_type": "女廁所", "baby_station": false}}, {"type": "Feature", "geometry": {"type": "Point", "coordinates": [120.435811, 23.47885]}, "properties": {"category": "公共廁所", "name": "晶饌婚宴會館男廁", "address": "嘉義市西區後驛里友忠路528號", "toilet_type": "男廁所", "baby_station": false}}, {"type": "Feature", "geometry": {"type": "Point", "coordinates": [120.435811, 23.47885]}, "properties": {"category": "公共廁所", "name": "晶饌婚宴會館女廁", "address": "嘉義市西區後驛里友忠路528號", "toilet_type": "女廁所", "baby_station": false}}, {"type": "Feature", "geometry": {"type": "Point", "coordinates": [120.4281002, 23.46876494]}, "properties": {"category": "公共廁所", "name": "一葉日本料理餐廳男廁", "address": "嘉義市西區西平里博愛路二段700號", "toilet_type": "男廁所", "baby_station": false}}, {"type": "Feature", "geometry": {"type": "Point", "coordinates": [120.4281002, 23.46876494]}, "properties": {"category": "公共廁所", "name": "一葉日本料理餐廳女廁", "address": "嘉義市西區西平里博愛路二段700號", "toilet_type": "女廁所", "baby_station": false}}, {"type": "Feature", "geometry": {"type": "Point", "coordinates": [120.43485, 23.486]}, "properties": {"category": "公共廁所", "name": "左阜右邑興達店男廁", "address": "嘉義市西區下埤里興達路396號", "toilet_type": "男廁所", "baby_station": false}}, {"type": "Feature", "geometry": {"type": "Point", "coordinates": [120.43485, 23.486]}, "properties": {"category": "公共廁所", "name": "左阜右邑興達店女廁", "address": "嘉義市西區下埤里興達路396號", "toilet_type": "女廁所", "baby_station": false}}, {"type": "Feature", "geometry": {"type": "Point", "coordinates": [120.43485, 23.486]}, "properties": {"category": "公共廁所", "name": "左阜右邑興達店無障礙廁", "address": "嘉義市西區下埤里興達路396號", "toilet_type": "無障礙廁所", "baby_station": false}}, {"type": "Feature", "geometry": {"type": "Point", "coordinates": [120.4248118, 23.46543118]}, "properties": {"category": "公共廁所", "name": "嘉義噴水雞肉飯博愛店男廁", "address": "嘉義市西區劉厝里博愛路二段844號", "toilet_type": "男廁所", "baby_station": false}}, {"type": "Feature", "geometry": {"type": "Point", "coordinates": [120.4247904, 23.46539181]}, "properties": {"category": "公共廁所", "name": "嘉義噴水雞肉飯博愛店女廁", "address": "嘉義市西區劉厝里博愛路二段844號", "toilet_type": "女廁所", "baby_station": false}}, {"type": "Feature", "geometry": {"type": "Point", "coordinates": [120.4372358, 23.48670693]}, "properties": {"category": "公共廁所", "name": "留園 精緻料理男廁", "address": "嘉義市西區保生里興達路321號", "toilet_type": "男廁所", "baby_station": false}}, {"type": "Feature", "geometry": {"type": "Point", "coordinates": [120.4372358, 23.48670693]}, "properties": {"category": "親子廁所", "name": "留園 精緻料理女廁", "address": "嘉義市西區保生里興達路321號", "toilet_type": "女廁所", "baby_station": true}}, {"type": "Feature", "geometry": {"type": "Point", "coordinates": [120.4510546, 23.50000991]}, "properties": {"category": "公共廁所", "name": "嘉基東院區門診大樓1F親子廁所", "address": "嘉義市東區義教里忠孝路642號", "toilet_type": "親子廁所", "baby_station": false}}, {"type": "Feature", "geometry": {"type": "Point", "coordinates": [120.4511619, 23.49985249]}, "properties": {"category": "公共廁所", "name": "嘉基東院區門診大樓1F無障礙廁所", "address": "嘉義市東區義教里忠孝路642號", "toilet_type": "無障礙廁所", "baby_station": false}}, {"type": "Feature", "geometry": {"type": "Point", "coordinates": [120.4510975, 23.49989184]}, "properties": {"category": "公共廁所", "name": "嘉基東院區門診大樓2F男廁", "address": "嘉義市東區義教里忠孝路642號", "toilet_type": "男廁所", "baby_station": false}}, {"type": "Feature", "geometry": {"type": "Point", "coordinates": [120.4511619, 23.49981313]}, "properties": {"category": "公共廁所", "name": "嘉基東院區門診大樓2F無障礙廁所", "address": "嘉義市東區義教里忠孝路642號", "toilet_type": "無障礙廁所", "baby_station": false}}, {"type": "Feature", "geometry": {"type": "Point", "coordinates": [120.451355, 23.49969506]}, "properties": {"category": "公共廁所", "name": "嘉基東院區門診大樓3F男廁", "address": "嘉義市東區義教里忠孝路642號", "toilet_type": "男廁所", "baby_station": false}}, {"type": "Feature", "geometry": {"type": "Point", "coordinates": [120.451355, 23.49985249]}, "properties": {"category": "公共廁所", "name": "嘉基東院區門診大樓3F女廁", "address": "嘉義市東區義教里忠孝路642號", "toilet_type": "女廁所", "baby_station": false}}, {"type": "Feature", "geometry": {"type": "Point", "coordinates": [120.4512692, 23.49985249]}, "properties": {"category": "公共廁所", "name": "嘉基東院區門診大樓3F無障礙廁所", "address": "嘉義市東區義教里忠孝路642號", "toilet_type": "無障礙廁所", "baby_station": false}}, {"type": "Feature", "geometry": {"type": "Point", "coordinates": [120.4512262, 23.49985249]}, "properties": {"category": "公共廁所", "name": "嘉基東院區門診大樓5F男廁", "address": "嘉義市東區義教里忠孝路642號", "toilet_type": "男廁所", "baby_station": false}}, {"type": "Feature", "geometry": {"type": "Point", "coordinates": [120.4513121, 23.49969506]}, "properties": {"category": "公共廁所", "name": "嘉基東院區門診大樓5F女廁", "address": "嘉義市東區義教里忠孝路642號", "toilet_type": "女廁所", "baby_station": false}}, {"type": "Feature", "geometry": {"type": "Point", "coordinates": [120.4513121, 23.49989184]}, "properties": {"category": "親子廁所", "name": "嘉基東院區門診大樓5F親子廁所", "address": "嘉義市東區義教里忠孝路642號", "toilet_type": "親子廁所", "baby_station": true}}, {"type": "Feature", "geometry": {"type": "Point", "coordinates": [120.4513121, 23.49989184]}, "properties": {"category": "公共廁所", "name": "嘉基東院區門診大樓6F男廁", "address": "嘉義市東區義教里忠孝路642號", "toilet_type": "男廁所", "baby_station": false}}, {"type": "Feature", "geometry": {"type": "Point", "coordinates": [120.4512262, 23.49997055]}, "properties": {"category": "公共廁所", "name": "嘉基東院區門診大樓6F女廁", "address": "嘉義市東區義教里忠孝路642號", "toilet_type": "女廁所", "baby_station": false}}, {"type": "Feature", "geometry": {"type": "Point", "coordinates": [120.4512262, 23.49985249]}, "properties": {"category": "親子廁所", "name": "嘉基東院區門診大樓6F親子廁所", "address": "嘉義市東區義教里忠孝路642號", "toilet_type": "親子廁所", "baby_station": true}}, {"type": "Feature", "geometry": {"type": "Point", "coordinates": [120.4512262, 23.49989184]}, "properties": {"category": "公共廁所", "name": "嘉基東院區門診大樓6F無障礙廁所", "address": "嘉義市東區義教里忠孝路642號", "toilet_type": "無障礙廁所", "baby_station": false}}, {"type": "Feature", "geometry": {"type": "Point", "coordinates": [120.4513121, 23.49989184]}, "properties": {"category": "公共廁所", "name": "嘉基東院區門診大樓7F男廁", "address": "嘉義市東區義教里忠孝路642號", "toilet_type": "男廁所", "baby_station": false}}, {"type": "Feature", "geometry": {"type": "Point", "coordinates": [120.4511404, 23.49987216]}, "properties": {"category": "公共廁所", "name": "嘉基東院區門診大樓7F女廁", "address": "嘉義市東區義教里忠孝路642號", "toilet_type": "女廁所", "baby_station": false}}, {"type": "Feature", "geometry": {"type": "Point", "coordinates": [120.4511297, 23.50060025]}, "properties": {"category": "公共廁所", "name": "嘉基第二院區保健大樓1F男廁", "address": "嘉義市東區後湖里保健街100號", "toilet_type": "男廁所", "baby_station": false}}, {"type": "Feature", "geometry": {"type": "Point", "coordinates": [120.4509687, 23.50060025]}, "properties": {"category": "公共廁所", "name": "嘉基第二院區保健大樓1F女廁", "address": "嘉義市東區後湖里保健街100號", "toilet_type": "女廁所", "baby_station": false}}, {"type": "Feature", "geometry": {"type": "Point", "coordinates": [120.4509687, 23.50079703]}, "properties": {"category": "公共廁所", "name": "嘉基第二院區保健大樓1F無障礙廁所", "address": "嘉義市東區後湖里保健街100號", "toilet_type": "無障礙廁所", "baby_station": false}}, {"type": "Feature", "geometry": {"type": "Point", "coordinates": [120.4511404, 23.50075767]}, "properties": {"category": "公共廁所", "name": "嘉基第二院區保健大樓2F男廁", "address": "嘉義市東區後湖里保健街100號", "toilet_type": "男廁所", "baby_station": false}}, {"type": "Feature", "geometry": {"type": "Point", "coordinates": [120.4509902, 23.50058057]}, "properties": {"category": "公共廁所", "name": "嘉基第二院區保健大樓2F女廁", "address": "嘉義市東區後湖里保健街100號", "toilet_type": "女廁所", "baby_station": false}}, {"type": "Feature", "geometry": {"type": "Point", "coordinates": [120.4510653, 23.50061009]}, "properties": {"category": "公共廁所", "name": "嘉基第二院區保健大樓2F無障礙廁所", "address": "嘉義市東區後湖里保健街100號", "toilet_type": "無障礙廁所", "baby_station": false}}, {"type": "Feature", "geometry": {"type": "Point", "coordinates": [120.4195091, 23.48481026]}, "properties": {"category": "公共廁所", "name": "7-11嘉西門市", "address": "嘉義市西區大溪里北港路597號", "toilet_type": "混合廁所", "baby_station": false}}, {"type": "Feature", "geometry": {"type": "Point", "coordinates": [120.4509473, 23.50003943]}, "properties": {"category": "公共廁所", "name": "嘉基東院區門診大樓2F女廁", "address": "嘉義市東區義教里忠孝路642號", "toilet_type": "女廁所", "baby_station": false}}, {"type": "Feature", "geometry": {"type": "Point", "coordinates": [120.428524, 23.48985568]}, "properties": {"category": "公共廁所", "name": "世賢圖書館2F男廁", "address": "嘉義市西區保福里世賢路一段685號", "toilet_type": "男廁所", "baby_station": false}}, {"type": "Feature", "geometry": {"type": "Point", "coordinates": [120.428524, 23.48985568]}, "properties": {"category": "公共廁所", "name": "世賢圖書館2F女廁", "address": "嘉義市西區保福里世賢路一段685號", "toilet_type": "女廁所", "baby_station": false}}, {"type": "Feature", "geometry": {"type": "Point", "coordinates": [120.428524, 23.48985568]}, "properties": {"category": "公共廁所", "name": "世賢圖書館3F男廁", "address": "嘉義市西區保福里世賢路一段685號", "toilet_type": "男廁所", "baby_station": false}}, {"type": "Feature", "geometry": {"type": "Point", "coordinates": [120.428524, 23.48985568]}, "properties": {"category": "公共廁所", "name": "世賢圖書館3F女廁", "address": "嘉義市西區保福里世賢路一段685號", "toilet_type": "女廁所", "baby_station": false}}, {"type": "Feature", "geometry": {"type": "Point", "coordinates": [120.446865, 23.47653938]}, "properties": {"category": "公共廁所", "name": "黃賓紀念圖書館1F男廁", "address": "嘉義市西區西榮里延平街328號", "toilet_type": "男廁所", "baby_station": false}}, {"type": "Feature", "geometry": {"type": "Point", "coordinates": [120.4469562, 23.47659104]}, "properties": {"category": "公共廁所", "name": "黃賓紀念圖書館1F女廁", "address": "嘉義市西區西榮里延平街328號", "toilet_type": "女廁所", "baby_station": false}}, {"type": "Feature", "geometry": {"type": "Point", "coordinates": [120.4469669, 23.47659104]}, "properties": {"category": "公共廁所", "name": "黃賓紀念圖書館1F無障礙廁所", "address": "嘉義市西區西榮里延平街328號", "toilet_type": "無障礙廁所", "baby_station": false}}, {"type": "Feature", "geometry": {"type": "Point", "coordinates": [120.4469562, 23.47660088]}, "properties": {"category": "公共廁所", "name": "黃賓紀念圖書館2F男廁", "address": "嘉義市西區西榮里延平街328號", "toilet_type": "男廁所", "baby_station": false}}, {"type": "Feature", "geometry": {"type": "Point", "coordinates": [120.4469347, 23.47657136]}, "properties": {"category": "公共廁所", "name": "黃賓紀念圖書館2F女廁", "address": "嘉義市西區西榮里延平街328號", "toilet_type": "女廁所", "baby_station": false}}, {"type": "Feature", "geometry": {"type": "Point", "coordinates": [120.4469347, 23.47660088]}, "properties": {"category": "公共廁所", "name": "黃賓紀念圖書館3F男廁", "address": "嘉義市西區西榮里延平街328號", "toilet_type": "男廁所", "baby_station": false}}, {"type": "Feature", "geometry": {"type": "Point", "coordinates": [120.4468811, 23.47659104]}, "properties": {"category": "公共廁所", "name": "黃賓紀念圖書館3F女廁", "address": "嘉義市西區西榮里延平街328號", "toilet_type": "女廁所", "baby_station": false}}, {"type": "Feature", "geometry": {"type": "Point", "coordinates": [120.4526961, 23.48802548]}, "properties": {"category": "公共廁所", "name": "文化中心左側1F男廁", "address": "嘉義市東區北門里忠孝路275號", "toilet_type": "男廁所", "baby_station": false}}, {"type": "Feature", "geometry": {"type": "Point", "coordinates": [120.4526854, 23.48799596]}, "properties": {"category": "公共廁所", "name": "文化中心左側1F女廁", "address": "嘉義市東區北門里忠孝路275號", "toilet_type": "女廁所", "baby_station": false}}, {"type": "Feature", "geometry": {"type": "Point", "coordinates": [120.4526854, 23.48801564]}, "properties": {"category": "公共廁所", "name": "文化中心左側2F男廁", "address": "嘉義市東區北門里忠孝路275號", "toilet_type": "男廁所", "baby_station": false}}, {"type": "Feature", "geometry": {"type": "Point", "coordinates": [120.4526854, 23.48796644]}, "properties": {"category": "公共廁所", "name": "文化中心左側2F女廁", "address": "嘉義市東區北門里忠孝路275號", "toilet_type": "女廁所", "baby_station": false}}, {"type": "Feature", "geometry": {"type": "Point", "coordinates": [120.4527712, 23.48804516]}, "properties": {"category": "公共廁所", "name": "文化中心左側3F男廁", "address": "嘉義市東區北門里忠孝路275號", "toilet_type": "男廁所", "baby_station": false}}, {"type": "Feature", "geometry": {"type": "Point", "coordinates": [120.4527068, 23.48812388]}, "properties": {"category": "公共廁所", "name": "文化中心左側3F女廁", "address": "嘉義市東區北門里忠孝路275號", "toilet_type": "女廁所", "baby_station": false}}, {"type": "Feature", "geometry": {"type": "Point", "coordinates": [120.4527068, 23.48798612]}, "properties": {"category": "公共廁所", "name": "文化中心左側4F男廁", "address": "嘉義市東區北門里忠孝路275號", "toilet_type": "男廁所", "baby_station": false}}, {"type": "Feature", "geometry": {"type": "Point", "coordinates": [120.4527068, 23.48806484]}, "properties": {"category": "公共廁所", "name": "文化中心左側4F女廁", "address": "嘉義市東區北門里忠孝路275號", "toilet_type": "女廁所", "baby_station": false}}, {"type": "Feature", "geometry": {"type": "Point", "coordinates": [120.4333305, 23.45309912]}, "properties": {"category": "公共廁所", "name": "安心醫院1樓女廁", "address": "嘉義市西區湖內里新民路88號", "toilet_type": "女廁所", "baby_station": false}}, {"type": "Feature", "geometry": {"type": "Point", "coordinates": [120.4334056, 23.45312865]}, "properties": {"category": "公共廁所", "name": "安心醫院1樓男廁", "address": "嘉義市西區湖內里新民路88號", "toilet_type": "男廁所", "baby_station": false}}, {"type": "Feature", "geometry": {"type": "Point", "coordinates": [120.4333949, 23.45312865]}, "properties": {"category": "公共廁所", "name": "安心醫院1樓無障礙廁所", "address": "嘉義市西區湖內里新民路88號", "toilet_type": "無障礙廁所", "baby_station": false}}, {"type": "Feature", "geometry": {"type": "Point", "coordinates": [120.4305089, 23.48876839]}, "properties": {"category": "公共廁所", "name": "全家八德店", "address": "嘉義市西區保安里八德路240號", "toilet_type": "混合廁所", "baby_station": false}}, {"type": "Feature", "geometry": {"type": "Point", "coordinates": [120.4363829, 23.46373842]}, "properties": {"category": "公共廁所", "name": "全家漢口店混合廁所", "address": "嘉義市西區福民里南京路392號", "toilet_type": "混合廁所", "baby_station": false}}, {"type": "Feature", "geometry": {"type": "Point", "coordinates": [120.4678, 23.47842]}, "properties": {"category": "公共廁所", "name": "嘉義樹木園男廁", "address": "嘉義市東區王田里山子頂270號", "toilet_type": "男廁所", "baby_station": false}}, {"type": "Feature", "geometry": {"type": "Point", "coordinates": [120.4678, 23.47842]}, "properties": {"category": "公共廁所", "name": "嘉義樹木園女廁", "address": "嘉義市東區王田里山子頂270號", "toilet_type": "女廁所", "baby_station": false}}, {"type": "Feature", "geometry": {"type": "Point", "coordinates": [120.39773, 23.491474]}, "properties": {"category": "公共廁所", "name": "嘉義魚市場南側男廁", "address": "嘉義市西區竹村里埤竹路52號", "toilet_type": "男廁所", "baby_station": false}}, {"type": "Feature", "geometry": {"type": "Point", "coordinates": [120.39773, 23.491474]}, "properties": {"category": "公共廁所", "name": "嘉義魚市場南側女廁", "address": "嘉義市西區竹村里埤竹路52號", "toilet_type": "女廁所", "baby_station": false}}, {"type": "Feature", "geometry": {"type": "Point", "coordinates": [120.4503036, 23.48178193]}, "properties": {"category": "公共廁所", "name": "中央廣場男廁", "address": "嘉義市東區中央里興中街172之9號對面", "toilet_type": "男廁所", "baby_station": false}}, {"type": "Feature", "geometry": {"type": "Point", "coordinates": [120.4502553, 23.48179669]}, "properties": {"category": "親子廁所", "name": "中央廣場女廁", "address": "嘉義市東區中央里興中街172之9號對面", "toilet_type": "女廁所", "baby_station": true}}, {"type": "Feature", "geometry": {"type": "Point", "coordinates": [120.4502875, 23.48173765]}, "properties": {"category": "公共廁所", "name": "中央廣場無障礙廁所", "address": "嘉義市東區中央里興中街172之9號對面", "toilet_type": "無障礙廁所", "baby_station": false}}, {"type": "Feature", "geometry": {"type": "Point", "coordinates": [120.4438046, 23.47255628]}, "properties": {"category": "公共廁所", "name": "先天宮公廁", "address": "嘉義市西區培元里西門街46號", "toilet_type": "混合廁所", "baby_station": false}}, {"type": "Feature", "geometry": {"type": "Point", "coordinates": [120.39773, 23.491474]}, "properties": {"category": "公共廁所", "name": "魚市場冷凍庫旁男廁", "address": "嘉義市西區竹村里埤竹路52號", "toilet_type": "男廁所", "baby_station": false}}, {"type": "Feature", "geometry": {"type": "Point", "coordinates": [120.39773, 23.491474]}, "properties": {"category": "公共廁所", "name": "魚市場冷凍庫旁女廁", "address": "嘉義市西區竹村里埤竹路52號", "toilet_type": "女廁所", "baby_station": false}}, {"type": "Feature", "geometry": {"type": "Point", "coordinates": [120.39773, 23.491474]}, "properties": {"category": "公共廁所", "name": "果菜市場攤販區男廁", "address": "嘉義市西區竹村里埤竹路50號", "toilet_type": "男廁所", "baby_station": false}}, {"type": "Feature", "geometry": {"type": "Point", "coordinates": [120.39773, 23.491474]}, "properties": {"category": "公共廁所", "name": "果菜市場攤販區女廁", "address": "嘉義市西區竹村里埤竹路50號", "toilet_type": "女廁所", "baby_station": false}}, {"type": "Feature", "geometry": {"type": "Point", "coordinates": [120.4344517, 23.48417557]}, "properties": {"category": "公共廁所", "name": "冠閣商務大飯店1F男廁", "address": "嘉義市西區竹圍里忠順一街27號", "toilet_type": "男廁所", "baby_station": false}}, {"type": "Feature", "geometry": {"type": "Point", "coordinates": [120.4344517, 23.48417803]}, "properties": {"category": "公共廁所", "name": "冠閣商務大飯店1F女廁", "address": "嘉義市西區竹圍里忠順一街27號", "toilet_type": "女廁所", "baby_station": false}}, {"type": "Feature", "geometry": {"type": "Point", "coordinates": [120.4344517, 23.48417557]}, "properties": {"category": "親子廁所", "name": "冠閣商務大飯店1F無障礙廁所", "address": "嘉義市西區竹圍里忠順一街27號", "toilet_type": "無障礙廁所", "baby_station": true}}, {"type": "Feature", "geometry": {"type": "Point", "coordinates": [120.4344517, 23.4841768]}, "properties": {"category": "公共廁所", "name": "冠閣商務大飯店B1男廁", "address": "嘉義市西區竹圍里忠順一街27號", "toilet_type": "男廁所", "baby_station": false}}, {"type": "Feature", "geometry": {"type": "Point", "coordinates": [120.4344517, 23.4841768]}, "properties": {"category": "公共廁所", "name": "冠閣商務大飯店B1女廁", "address": "嘉義市西區竹圍里忠順一街27號", "toilet_type": "女廁所", "baby_station": false}}, {"type": "Feature", "geometry": {"type": "Point", "coordinates": [120.45421, 23.4861]}, "properties": {"category": "公共廁所", "name": "檜意森活村T-04男廁", "address": "嘉義市東區林森里共和路370號", "toilet_type": "男廁所", "baby_station": false}}, {"type": "Feature", "geometry": {"type": "Point", "coordinates": [120.45421, 23.4861]}, "properties": {"category": "公共廁所", "name": "檜意森活村T-04女廁", "address": "嘉義市東區林森里共和路370號", "toilet_type": "女廁所", "baby_station": false}}, {"type": "Feature", "geometry": {"type": "Point", "coordinates": [120.45421, 23.4861]}, "properties": {"category": "公共廁所", "name": "檜意森活村T-04無障礙廁所", "address": "嘉義市東區林森里共和路370號", "toilet_type": "無障礙廁所", "baby_station": false}}, {"type": "Feature", "geometry": {"type": "Point", "coordinates": [120.4551, 23.4862]}, "properties": {"category": "公共廁所", "name": "檜意森活村T-10男廁", "address": "嘉義市東區林森里共和路370號", "toilet_type": "男廁所", "baby_station": false}}, {"type": "Feature", "geometry": {"type": "Point", "coordinates": [120.4551, 23.4862]}, "properties": {"category": "公共廁所", "name": "檜意森活村T-10女廁", "address": "嘉義市東區林森里共和路370號", "toilet_type": "女廁所", "baby_station": false}}, {"type": "Feature", "geometry": {"type": "Point", "coordinates": [120.4551, 23.4862]}, "properties": {"category": "公共廁所", "name": "檜意森活村T-10無障礙廁所", "address": "嘉義市東區林森里共和路370號", "toilet_type": "無障礙廁所", "baby_station": false}}, {"type": "Feature", "geometry": {"type": "Point", "coordinates": [120.4461193, 23.49103645]}, "properties": {"category": "公共廁所", "name": "北香湖公園男廁(櫻花林區)", "address": "嘉義市西區香湖里文化路552號", "toilet_type": "男廁所", "baby_station": false}}, {"type": "Feature", "geometry": {"type": "Point", "coordinates": [120.446173, 23.49114468]}, "properties": {"category": "親子廁所", "name": "北香湖公園女廁(櫻花林區)", "address": "嘉義市西區香湖里文化路552號", "toilet_type": "女廁所", "baby_station": true}}, {"type": "Feature", "geometry": {"type": "Point", "coordinates": [120.4476857, 23.48605749]}, "properties": {"category": "公共廁所", "name": "秀泰生活嘉義店B2-男廁", "address": "嘉義市西區國華里文化路299號", "toilet_type": "男廁所", "baby_station": false}}, {"type": "Feature", "geometry": {"type": "Point", "coordinates": [120.448045, 23.485205]}, "properties": {"category": "公共廁所", "name": "秀泰生活嘉義店B2-女廁", "address": "嘉義市西區國華里文化路299號", "toilet_type": "女廁所", "baby_station": false}}, {"type": "Feature", "geometry": {"type": "Point", "coordinates": [120.448045, 23.485205]}, "properties": {"category": "公共廁所", "name": "秀泰生活嘉義店B1-男廁", "address": "嘉義市西區國華里文化路299號", "toilet_type": "男廁所", "baby_station": false}}, {"type": "Feature", "geometry": {"type": "Point", "coordinates": [120.448045, 23.485205]}, "properties": {"category": "公共廁所", "name": "秀泰生活嘉義店B1-女廁", "address": "嘉義市西區國華里文化路299號", "toilet_type": "女廁所", "baby_station": false}}, {"type": "Feature", "geometry": {"type": "Point", "coordinates": [120.448045, 23.485205]}, "properties": {"category": "親子廁所", "name": "秀泰生活嘉義店B1-無障礙廁所", "address": "嘉義市西區國華里文化路299號", "toilet_type": "無障礙廁所", "baby_station": true}}, {"type": "Feature", "geometry": {"type": "Point", "coordinates": [120.448045, 23.485205]}, "properties": {"category": "親子廁所", "name": "秀泰生活嘉義店2F-男廁", "address": "嘉義市西區國華里文化路299號", "toilet_type": "男廁所", "baby_station": true}}, {"type": "Feature", "geometry": {"type": "Point", "coordinates": [120.448045, 23.485205]}, "properties": {"category": "親子廁所", "name": "秀泰生活嘉義店2F-女廁", "address": "嘉義市西區國華里文化路299號", "toilet_type": "女廁所", "baby_station": true}}, {"type": "Feature", "geometry": {"type": "Point", "coordinates": [120.448045, 23.485205]}, "properties": {"category": "公共廁所", "name": "秀泰生活嘉義店2F-無障礙廁所", "address": "嘉義市西區國華里文化路299號", "toilet_type": "無障礙廁所", "baby_station": false}}, {"type": "Feature", "geometry": {"type": "Point", "coordinates": [120.448045, 23.485205]}, "properties": {"category": "親子廁所", "name": "秀泰生活嘉義店3F-男廁", "address": "嘉義市西區國華里文化路299號", "toilet_type": "男廁所", "baby_station": true}}, {"type": "Feature", "geometry": {"type": "Point", "coordinates": [120.447911, 23.4851522]}, "properties": {"category": "公共廁所", "name": "秀泰生活嘉義店3F-女廁", "address": "嘉義市西區國華里文化路299號", "toilet_type": "女廁所", "baby_station": false}}, {"type": "Feature", "geometry": {"type": "Point", "coordinates": [120.4479432, 23.4851522]}, "properties": {"category": "公共廁所", "name": "秀泰生活嘉義店4F-男廁-1", "address": "嘉義市西區國華里文化路299號", "toilet_type": "男廁所", "baby_station": false}}, {"type": "Feature", "geometry": {"type": "Point", "coordinates": [120.4476214, 23.48607717]}, "properties": {"category": "公共廁所", "name": "秀泰生活嘉義店4F-女廁-1", "address": "嘉義市西區國華里文化路299號", "toilet_type": "女廁所", "baby_station": false}}, {"type": "Feature", "geometry": {"type": "Point", "coordinates": [120.4475784, 23.48615589]}, "properties": {"category": "公共廁所", "name": "秀泰生活嘉義店4F-男廁-2", "address": "嘉義市西區國華里文化路299號", "toilet_type": "男廁所", "baby_station": false}}, {"type": "Feature", "geometry": {"type": "Point", "coordinates": [120.4476643, 23.48599845]}, "properties": {"category": "公共廁所", "name": "秀泰生活嘉義店4F-女廁-2", "address": "嘉義市西區國華里文化路299號", "toilet_type": "女廁所", "baby_station": false}}, {"type": "Feature", "geometry": {"type": "Point", "coordinates": [120.4474497, 23.48611653]}, "properties": {"category": "公共廁所", "name": "秀泰生活嘉義店4F-女廁-3", "address": "嘉義市西區國華里文化路299號", "toilet_type": "女廁所", "baby_station": false}}, {"type": "Feature", "geometry": {"type": "Point", "coordinates": [120.4475784, 23.48615589]}, "properties": {"category": "公共廁所", "name": "秀泰生活嘉義店4F-無障礙廁所", "address": "嘉義市西區國華里文化路299號", "toilet_type": "無障礙廁所", "baby_station": false}}, {"type": "Feature", "geometry": {"type": "Point", "coordinates": [120.4438031, 23.48051416]}, "properties": {"category": "公共廁所", "name": "台灣中油林森路加油站無障礙廁所", "address": "嘉義市西區番社里林森西路281號", "toilet_type": "無障礙廁所", "baby_station": false}}, {"type": "Feature", "geometry": {"type": "Point", "coordinates": [120.4438031, 23.48051416]}, "properties": {"category": "公共廁所", "name": "台灣中油林森路加油站男廁", "address": "嘉義市西區番社里林森西路281號", "toilet_type": "男廁所", "baby_station": false}}, {"type": "Feature", "geometry": {"type": "Point", "coordinates": [120.4438031, 23.48051416]}, "properties": {"category": "公共廁所", "name": "台灣中油林森路加油站女廁", "address": "嘉義市西區番社里林森西路281號", "toilet_type": "女廁所", "baby_station": false}}, {"type": "Feature", "geometry": {"type": "Point", "coordinates": [120.4538333, 23.48090121]}, "properties": {"category": "親子廁所", "name": "市政府1F近民樂街女廁", "address": "嘉義市東區東興里中山路199號", "toilet_type": "女廁所", "baby_station": true}}, {"type": "Feature", "geometry": {"type": "Point", "coordinates": [120.4545448, 23.48087784]}, "properties": {"category": "公共廁所", "name": "市政府2F近民樂街男廁", "address": "嘉義市東區東興里中山路199號", "toilet_type": "男廁所", "baby_station": false}}, {"type": "Feature", "geometry": {"type": "Point", "coordinates": [120.453372, 23.48099962]}, "properties": {"category": "公共廁所", "name": "市政府2F近民樂街女廁", "address": "嘉義市東區東興里中山路199號", "toilet_type": "女廁所", "baby_station": false}}, {"type": "Feature", "geometry": {"type": "Point", "coordinates": [120.4533291, 23.48103898]}, "properties": {"category": "公共廁所", "name": "市政府3F近民樂街男廁", "address": "嘉義市東區東興里中山路199號", "toilet_type": "男廁所", "baby_station": false}}, {"type": "Feature", "geometry": {"type": "Point", "coordinates": [120.4535008, 23.48103898]}, "properties": {"category": "公共廁所", "name": "市政府3F近民樂街女廁", "address": "嘉義市東區東興里中山路199號", "toilet_type": "女廁所", "baby_station": false}}, {"type": "Feature", "geometry": {"type": "Point", "coordinates": [120.4534149, 23.48123579]}, "properties": {"category": "公共廁所", "name": "市政府6F近民樂街男廁", "address": "嘉義市東區東興里中山路199號", "toilet_type": "男廁所", "baby_station": false}}, {"type": "Feature", "geometry": {"type": "Point", "coordinates": [120.4536724, 23.48115706]}, "properties": {"category": "公共廁所", "name": "市政府6F近民樂街女廁", "address": "嘉義市東區東興里中山路199號", "toilet_type": "女廁所", "baby_station": false}}, {"type": "Feature", "geometry": {"type": "Point", "coordinates": [120.4538763, 23.48094057]}, "properties": {"category": "公共廁所", "name": "市政府7F近民樂街男廁", "address": "嘉義市東區東興里中山路199號", "toilet_type": "男廁所", "baby_station": false}}, {"type": "Feature", "geometry": {"type": "Point", "coordinates": [120.4532433, 23.4811177]}, "properties": {"category": "公共廁所", "name": "市政府7F近民樂街女廁", "address": "嘉義市東區東興里中山路199號", "toilet_type": "女廁所", "baby_station": false}}, {"type": "Feature", "geometry": {"type": "Point", "coordinates": [120.4128492, 23.4652245]}, "properties": {"category": "公共廁所", "name": "228國家紀念公園男廁", "address": "嘉義市西區劉厝里大富路", "toilet_type": "男廁所", "baby_station": false}}, {"type": "Feature", "geometry": {"type": "Point", "coordinates": [120.4127097, 23.46509656]}, "properties": {"category": "親子廁所", "name": "228國家紀念公園女廁", "address": "嘉義市西區劉厝里大富路", "toilet_type": "女廁所", "baby_station": true}}, {"type": "Feature", "geometry": {"type": "Point", "coordinates": [120.4127848, 23.46499815]}, "properties": {"category": "公共廁所", "name": "228國家紀念公園無障礙廁所", "address": "嘉義市西區劉厝里大富路", "toilet_type": "無障礙廁所", "baby_station": false}}, {"type": "Feature", "geometry": {"type": "Point", "coordinates": [120.4399, 23.4767]}, "properties": {"category": "公共廁所", "name": "文創園區O棟文創願景館1F男廁", "address": "嘉義市西區書院里中山路616號", "toilet_type": "男廁所", "baby_station": false}}, {"type": "Feature", "geometry": {"type": "Point", "coordinates": [120.4399, 23.4767]}, "properties": {"category": "公共廁所", "name": "文創園區O棟文創願景館1F女廁", "address": "嘉義市西區書院里中山路616號", "toilet_type": "女廁所", "baby_station": false}}, {"type": "Feature", "geometry": {"type": "Point", "coordinates": [120.4399, 23.4767]}, "properties": {"category": "公共廁所", "name": "文創園區O棟文創願景館1F無障礙廁所", "address": "嘉義市西區書院里中山路616號", "toilet_type": "無障礙廁所", "baby_station": false}}, {"type": "Feature", "geometry": {"type": "Point", "coordinates": [120.4399, 23.4767]}, "properties": {"category": "公共廁所", "name": "文創園區Q棟飲品文化體驗館1F男廁", "address": "嘉義市西區書院里中山路616號", "toilet_type": "男廁所", "baby_station": false}}, {"type": "Feature", "geometry": {"type": "Point", "coordinates": [120.4399, 23.4767]}, "properties": {"category": "公共廁所", "name": "文創園區Q棟飲品文化體驗館1F女廁", "address": "嘉義市西區書院里中山路616號", "toilet_type": "女廁所", "baby_station": false}}, {"type": "Feature", "geometry": {"type": "Point", "coordinates": [120.4399, 23.4767]}, "properties": {"category": "親子廁所", "name": "文創園區Q棟飲品文化體驗館無障礙廁所", "address": "嘉義市西區書院里中山路616號", "toilet_type": "無障礙廁所", "baby_station": true}}, {"type": "Feature", "geometry": {"type": "Point", "coordinates": [120.4399, 23.4767]}, "properties": {"category": "公共廁所", "name": "文創園區S棟文創聯合辦公室1F男廁", "address": "嘉義市西區書院里中山路616號", "toilet_type": "男廁所", "baby_station": false}}, {"type": "Feature", "geometry": {"type": "Point", "coordinates": [120.4399, 23.4767]}, "properties": {"category": "公共廁所", "name": "文創園區S棟文創聯合辦公室1F女廁", "address": "嘉義市西區書院里中山路616號", "toilet_type": "女廁所", "baby_station": false}}, {"type": "Feature", "geometry": {"type": "Point", "coordinates": [120.4399, 23.4767]}, "properties": {"category": "公共廁所", "name": "文創園區S棟文創聯合辦公室1F無障礙廁所", "address": "嘉義市西區書院里中山路616號", "toilet_type": "無障礙廁所", "baby_station": false}}, {"type": "Feature", "geometry": {"type": "Point", "coordinates": [120.460009, 23.46883]}, "properties": {"category": "親子廁所", "name": "宣信公園無障礙廁所", "address": "嘉義市東區芳安里南興路、宣信路口", "toilet_type": "無障礙廁所", "baby_station": true}}, {"type": "Feature", "geometry": {"type": "Point", "coordinates": [120.4349627, 23.4854634]}, "properties": {"category": "公共廁所", "name": "麻辣風暴興達店男廁", "address": "嘉義市西區竹圍里興達358號", "toilet_type": "男廁所", "baby_station": false}}, {"type": "Feature", "geometry": {"type": "Point", "coordinates": [120.4357687, 23.48571555]}, "properties": {"category": "公共廁所", "name": "麻辣風暴興達店女廁", "address": "嘉義市西區竹圍里興達路358號", "toilet_type": "女廁所", "baby_station": false}}, {"type": "Feature", "geometry": {"type": "Point", "coordinates": [120.4332608, 23.48547693]}, "properties": {"category": "公共廁所", "name": "新新園火鍋友愛店男廁", "address": "嘉義市西區竹圍里友愛路271號", "toilet_type": "男廁所", "baby_station": false}}, {"type": "Feature", "geometry": {"type": "Point", "coordinates": [120.4332608, 23.48547693]}, "properties": {"category": "公共廁所", "name": "新新園火鍋友愛店女廁", "address": "嘉義市西區竹圍里友愛路271號", "toilet_type": "女廁所", "baby_station": false}}, {"type": "Feature", "geometry": {"type": "Point", "coordinates": [120.4280895, 23.47214296]}, "properties": {"category": "公共廁所", "name": "再耕園1樓混合廁", "address": "嘉義市西區西平里玉康路160號", "toilet_type": "混合廁所", "baby_station": false}}, {"type": "Feature", "geometry": {"type": "Point", "coordinates": [120.466826, 23.48963921]}, "properties": {"category": "公共廁所", "name": "真武宮女廁", "address": "嘉義市東區新店里林森東路364巷6號", "toilet_type": "女廁所", "baby_station": false}}, {"type": "Feature", "geometry": {"type": "Point", "coordinates": [120.39773, 23.491474]}, "properties": {"category": "公共廁所", "name": "果菜市場辦公室2F男廁", "address": "嘉義市西區竹村里埤竹路50號", "toilet_type": "男廁所", "baby_station": false}}, {"type": "Feature", "geometry": {"type": "Point", "coordinates": [120.39773, 23.491474]}, "properties": {"category": "公共廁所", "name": "果菜市場辦公室2F女廁", "address": "嘉義市西區竹村里埤竹路50號", "toilet_type": "女廁所", "baby_station": false}}, {"type": "Feature", "geometry": {"type": "Point", "coordinates": [120.39773, 23.491474]}, "properties": {"category": "公共廁所", "name": "果菜市場辦公室2F無障礙廁所", "address": "嘉義市西區竹村里埤竹路50號", "toilet_type": "無障礙廁所", "baby_station": false}}, {"type": "Feature", "geometry": {"type": "Point", "coordinates": [120.447915, 23.483783]}, "properties": {"category": "親子廁所", "name": "陶板屋嘉義林森西店無障礙廁所", "address": "嘉義市西區國華里林森西路153號", "toilet_type": "無障礙廁所", "baby_station": true}}, {"type": "Feature", "geometry": {"type": "Point", "coordinates": [120.4672337, 23.4766304]}, "properties": {"category": "親子廁所", "name": "聖馬爾定1樓親子廁", "address": "嘉義市東區蘭潭里大雅路二段565號", "toilet_type": "親子廁所", "baby_station": true}}, {"type": "Feature", "geometry": {"type": "Point", "coordinates": [120.4672337, 23.4766304]}, "properties": {"category": "公共廁所", "name": "聖馬爾定2樓無障礙廁所", "address": "嘉義市東區蘭潭里大雅路二段565號", "toilet_type": "無障礙廁所", "baby_station": false}}, {"type": "Feature", "geometry": {"type": "Point", "coordinates": [120.4443383, 23.4876122]}, "properties": {"category": "公共廁所", "name": "小原婚宴餐廳2F男廁", "address": "嘉義市西區湖邊里博愛路一段372號", "toilet_type": "男廁所", "baby_station": false}}, {"type": "Feature", "geometry": {"type": "Point", "coordinates": [120.4443383, 23.4876122]}, "properties": {"category": "公共廁所", "name": "小原婚宴餐廳2F女廁", "address": "嘉義市西區湖邊里博愛路一段372號", "toilet_type": "女廁所", "baby_station": false}}, {"type": "Feature", "geometry": {"type": "Point", "coordinates": [120.4443383, 23.4876122]}, "properties": {"category": "公共廁所", "name": "小原婚宴餐廳新館1F男廁", "address": "嘉義市西區湖邊里博愛路一段372號", "toilet_type": "男廁所", "baby_station": false}}, {"type": "Feature", "geometry": {"type": "Point", "coordinates": [120.4443383, 23.4876122]}, "properties": {"category": "公共廁所", "name": "小原婚宴餐廳新館1F女廁", "address": "嘉義市西區湖邊里博愛路一段372號", "toilet_type": "女廁所", "baby_station": false}}, {"type": "Feature", "geometry": {"type": "Point", "coordinates": [120.4443383, 23.4876122]}, "properties": {"category": "親子廁所", "name": "小原婚宴餐廳新館1F無障礙廁所", "address": "嘉義市西區湖邊里博愛路一段372號", "toilet_type": "無障礙廁所", "baby_station": true}}, {"type": "Feature", "geometry": {"type": "Point", "coordinates": [120.448773, 23.482679]}, "properties": {"category": "公共廁所", "name": "兆品酒店1F無障礙廁所", "address": "嘉義市西區國華里文化路257號", "toilet_type": "無障礙廁所", "baby_station": false}}, {"type": "Feature", "geometry": {"type": "Point", "coordinates": [120.4492736, 23.48076345]}, "properties": {"category": "親子廁所", "name": "西堤牛排文化店無障礙廁所", "address": "嘉義市西區國華里文化路155號", "toilet_type": "無障礙廁所", "baby_station": true}}, {"type": "Feature", "geometry": {"type": "Point", "coordinates": [120.453656, 23.496423]}, "properties": {"category": "公共廁所", "name": "耐斯王子大飯店1F男廁", "address": "嘉義市東區義教里忠孝路600號", "toilet_type": "男廁所", "baby_station": false}}, {"type": "Feature", "geometry": {"type": "Point", "coordinates": [120.453656, 23.496423]}, "properties": {"category": "公共廁所", "name": "耐斯王子大飯店1F女廁", "address": "嘉義市東區義教里忠孝路600號", "toilet_type": "女廁所", "baby_station": false}}, {"type": "Feature", "geometry": {"type": "Point", "coordinates": [120.453656, 23.496423]}, "properties": {"category": "親子廁所", "name": "耐斯王子大飯店1F無障礙廁所", "address": "嘉義市東區義教里忠孝路600號", "toilet_type": "無障礙廁所", "baby_station": true}}, {"type": "Feature", "geometry": {"type": "Point", "coordinates": [120.453656, 23.496423]}, "properties": {"category": "公共廁所", "name": "耐斯王子大飯店17F男廁", "address": "嘉義市東區義教里忠孝路600號", "toilet_type": "男廁所", "baby_station": false}}, {"type": "Feature", "geometry": {"type": "Point", "coordinates": [120.453656, 23.496423]}, "properties": {"category": "公共廁所", "name": "耐斯王子大飯店17F女廁", "address": "嘉義市東區義教里忠孝路600號", "toilet_type": "女廁所", "baby_station": false}}, {"type": "Feature", "geometry": {"type": "Point", "coordinates": [120.453656, 23.496423]}, "properties": {"category": "公共廁所", "name": "耐斯王子大飯店17F無障礙廁所", "address": "嘉義市東區義教里忠孝路600號", "toilet_type": "無障礙廁所", "baby_station": false}}, {"type": "Feature", "geometry": {"type": "Point", "coordinates": [120.400372, 23.488331]}, "properties": {"category": "公共廁所", "name": "台灣中油嘉義高鐵北加油站無障礙廁所", "address": "嘉義市西區大溪里高鐵大道1250號", "toilet_type": "無障礙廁所", "baby_station": false}}, {"type": "Feature", "geometry": {"type": "Point", "coordinates": [120.402355, 23.48696]}, "properties": {"category": "公共廁所", "name": "台灣中油嘉義高鐵南加油站無障礙廁所", "address": "嘉義市西區大溪里高鐵大道925號", "toilet_type": "無障礙廁所", "baby_station": false}}, {"type": "Feature", "geometry": {"type": "Point", "coordinates": [120.423, 23.4922]}, "properties": {"category": "親子廁所", "name": "北社尾公園無障礙廁所", "address": "嘉義市西區北湖里北社尾路上", "toilet_type": "無障礙廁所", "baby_station": true}}, {"type": "Feature", "geometry": {"type": "Point", "coordinates": [120.45936, 23.48234]}, "properties": {"category": "公共廁所", "name": "台灣中油中山路加油站無障礙廁所", "address": "嘉義市東區中山里中山路90號", "toilet_type": "無障礙廁所", "baby_station": false}}, {"type": "Feature", "geometry": {"type": "Point", "coordinates": [120.4568321, 23.50107252]}, "properties": {"category": "公共廁所", "name": "中油台林無障礙廁所", "address": "嘉義市東區後湖里台林街393號", "toilet_type": "無障礙廁所", "baby_station": false}}, {"type": "Feature", "geometry": {"type": "Point", "coordinates": [120.4562447, 23.47834022]}, "properties": {"category": "公共廁所", "name": "文昌公園無障礙廁所", "address": "嘉義市東區民族里蘭井街文昌街口", "toilet_type": "無障礙廁所", "baby_station": false}}, {"type": "Feature", "geometry": {"type": "Point", "coordinates": [120.4620409, 23.4585173]}, "properties": {"category": "公共廁所", "name": "河濱運動公園無障礙廁所", "address": "嘉義市東區興仁里興仁街50號", "toilet_type": "無障礙廁所", "baby_station": false}}, {"type": "Feature", "geometry": {"type": "Point", "coordinates": [120.4577306, 23.4850169]}, "properties": {"category": "公共廁所", "name": "長榮公園無障礙廁所", "address": "嘉義市東區太平里長榮街", "toilet_type": "無障礙廁所", "baby_station": false}}, {"type": "Feature", "geometry": {"type": "Point", "coordinates": [120.4560971, 23.47072583]}, "properties": {"category": "公共廁所", "name": "南田公園無障礙廁所", "address": "嘉義市東區興南里南田路", "toilet_type": "無障礙廁所", "baby_station": false}}, {"type": "Feature", "geometry": {"type": "Point", "coordinates": [120.479221, 23.46674]}, "properties": {"category": "親子廁所", "name": "蘭潭水庫泛月公園旁無障礙廁所", "address": "嘉義市東區蘭潭里蘭潭水庫泛月公園旁", "toilet_type": "無障礙廁所", "baby_station": true}}, {"type": "Feature", "geometry": {"type": "Point", "coordinates": [120.450663, 23.47439162]}, "properties": {"category": "公共廁所", "name": "文化公園無障礙廁所", "address": "嘉義市東區過溝里文化路與民族路口", "toilet_type": "無障礙廁所", "baby_station": false}}, {"type": "Feature", "geometry": {"type": "Point", "coordinates": [120.4636315, 23.4838041]}, "properties": {"category": "親子廁所", "name": "嘉義公園近啟明路無障礙廁所", "address": "嘉義市東區東川里啟明路", "toilet_type": "無障礙廁所", "baby_station": true}}, {"type": "Feature", "geometry": {"type": "Point", "coordinates": [120.4594982, 23.48357778]}, "properties": {"category": "公共廁所", "name": "全聯民權店男廁", "address": "嘉義市東區中山里民權路177號", "toilet_type": "男廁所", "baby_station": false}}, {"type": "Feature", "geometry": {"type": "Point", "coordinates": [120.4594982, 23.48357778]}, "properties": {"category": "公共廁所", "name": "全聯民權店女廁", "address": "嘉義市東區中山里民權路177號", "toilet_type": "女廁所", "baby_station": false}}, {"type": "Feature", "geometry": {"type": "Point", "coordinates": [120.43954, 23.50244]}, "properties": {"category": "公共廁所", "name": "愛木村男廁", "address": "嘉義市東區荖藤里文化路909-3號", "toilet_type": "男廁所", "baby_station": false}}, {"type": "Feature", "geometry": {"type": "Point", "coordinates": [120.43954, 23.50244]}, "properties": {"category": "公共廁所", "name": "愛木村女廁", "address": "嘉義市東區荖藤里文化路909-3號", "toilet_type": "女廁所", "baby_station": false}}, {"type": "Feature", "geometry": {"type": "Point", "coordinates": [120.43954, 23.50244]}, "properties": {"category": "公共廁所", "name": "愛木村無障礙廁所", "address": "嘉義市東區荖藤里文化路909-3號", "toilet_type": "無障礙廁所", "baby_station": false}}, {"type": "Feature", "geometry": {"type": "Point", "coordinates": [120.4439646, 23.48315392]}, "properties": {"category": "公共廁所", "name": "北興市場女廁", "address": "嘉義市西區慶安里北興陸橋下", "toilet_type": "女廁所", "baby_station": false}}, {"type": "Feature", "geometry": {"type": "Point", "coordinates": [120.452414, 23.496941]}, "properties": {"category": "親子廁所", "name": "耐斯百貨2F無障礙廁所", "address": "嘉義市東區義教里忠孝路600號", "toilet_type": "無障礙廁所", "baby_station": true}}, {"type": "Feature", "geometry": {"type": "Point", "coordinates": [120.452414, 23.496941]}, "properties": {"category": "親子廁所", "name": "耐斯百貨3F無障礙廁所", "address": "嘉義市東區義教里忠孝路600號", "toilet_type": "無障礙廁所", "baby_station": true}}, {"type": "Feature", "geometry": {"type": "Point", "coordinates": [120.452414, 23.496941]}, "properties": {"category": "公共廁所", "name": "耐斯百貨4F無障礙廁所", "address": "嘉義市東區義教里忠孝路600號", "toilet_type": "無障礙廁所", "baby_station": false}}, {"type": "Feature", "geometry": {"type": "Point", "coordinates": [120.4400253, 23.47973512]}, "properties": {"category": "公共廁所", "name": "交通轉運中心1F無障礙廁所", "address": "嘉義市西區後驛里中興路1號", "toilet_type": "無障礙廁所", "baby_station": false}}, {"type": "Feature", "geometry": {"type": "Point", "coordinates": [120.4516152, 23.49506204]}, "properties": {"category": "公共廁所", "name": "肯德基忠孝店無障礙廁所", "address": "嘉義市東區中庄里忠孝路489號", "toilet_type": "無障礙廁所", "baby_station": false}}, {"type": "Feature", "geometry": {"type": "Point", "coordinates": [120.4594754, 23.48361591]}, "properties": {"category": "公共廁所", "name": "全聯民權店無障礙廁所", "address": "嘉義市東區中山里民權路177號", "toilet_type": "無障礙廁所", "baby_station": false}}, {"type": "Feature", "geometry": {"type": "Point", "coordinates": [120.418061, 23.482858]}, "properties": {"category": "公共廁所", "name": "台糖嘉保加油站無障礙廁所", "address": "嘉義市西區大溪里高鐵大道566號", "toilet_type": "無障礙廁所", "baby_station": false}}, {"type": "Feature", "geometry": {"type": "Point", "coordinates": [120.421, 23.472]}, "properties": {"category": "公共廁所", "name": "久井世賢站男廁", "address": "嘉義市西區港坪里世賢路二段446號", "toilet_type": "男廁所", "baby_station": false}}, {"type": "Feature", "geometry": {"type": "Point", "coordinates": [120.453509, 23.481301]}, "properties": {"category": "公共廁所", "name": "市政府1F近民樂街男廁", "address": "嘉義市東區東興里中山路199號", "toilet_type": "男廁所", "baby_station": false}}, {"type": "Feature", "geometry": {"type": "Point", "coordinates": [120.4465134, 23.49288526]}, "properties": {"category": "公共廁所", "name": "北香湖公園男廁(博愛區)", "address": "嘉義市西區香湖里文化路552號", "toilet_type": "男廁所", "baby_station": false}}, {"type": "Feature", "geometry": {"type": "Point", "coordinates": [120.4466314, 23.49284232]}, "properties": {"category": "親子廁所", "name": "北香湖公園女廁(博愛區)", "address": "嘉義市西區香湖里文化路552號", "toilet_type": "女廁所", "baby_station": true}}, {"type": "Feature", "geometry": {"type": "Point", "coordinates": [120.4469118, 23.49286118]}, "properties": {"category": "公共廁所", "name": "北香湖公園無障礙廁所(博愛區)", "address": "嘉義市西區香湖里文化路552號", "toilet_type": "無障礙廁所", "baby_station": false}}, {"type": "Feature", "geometry": {"type": "Point", "coordinates": [120.428524, 23.48985568]}, "properties": {"category": "公共廁所", "name": "世賢圖書館1F親子廁", "address": "嘉義市西區保福里世賢路一段685號", "toilet_type": "親子廁所", "baby_station": false}}, {"type": "Feature", "geometry": {"type": "Point", "coordinates": [120.39773, 23.491474]}, "properties": {"category": "公共廁所", "name": "嘉義魚市場南側混合廁", "address": "嘉義市西區竹村里埤竹路52號", "toilet_type": "混合廁所", "baby_station": false}}, {"type": "Feature", "geometry": {"type": "Point", "coordinates": [120.45253, 23.48768]}, "properties": {"category": "親子廁所", "name": "文化中心音樂廳親子廁", "address": "嘉義市東區北門里忠孝路275號", "toilet_type": "親子廁所", "baby_station": true}}, {"type": "Feature", "geometry": {"type": "Point", "coordinates": [120.45253, 23.48768]}, "properties": {"category": "親子廁所", "name": "文化中心1F男廁", "address": "嘉義市東區北門里忠孝路275號", "toilet_type": "男廁所", "baby_station": true}}, {"type": "Feature", "geometry": {"type": "Point", "coordinates": [120.45253, 23.48768]}, "properties": {"category": "親子廁所", "name": "文化中心1F女廁", "address": "嘉義市東區北門里忠孝路275號", "toilet_type": "女廁所", "baby_station": true}}, {"type": "Feature", "geometry": {"type": "Point", "coordinates": [120.45144, 23.48701]}, "properties": {"category": "親子廁所", "name": "博物館親子廁", "address": "嘉義市東區北門里忠孝路275-1號", "toilet_type": "親子廁所", "baby_station": true}}, {"type": "Feature", "geometry": {"type": "Point", "coordinates": [120.45253, 23.48768]}, "properties": {"category": "公共廁所", "name": "文化中心音樂廳女廁", "address": "嘉義市東區北門里忠孝路275號", "toilet_type": "女廁所", "baby_station": false}}, {"type": "Feature", "geometry": {"type": "Point", "coordinates": [120.42283, 23.48538]}, "properties": {"category": "公共廁所", "name": "中油嘉滿加油站男廁", "address": "嘉義市西區北湖里世賢路一段1062號", "toilet_type": "男廁所", "baby_station": false}}, {"type": "Feature", "geometry": {"type": "Point", "coordinates": [120.42283, 23.48538]}, "properties": {"category": "公共廁所", "name": "中油嘉滿加油站女廁", "address": "嘉義市西區北湖里世賢路一段1062號", "toilet_type": "女廁所", "baby_station": false}}, {"type": "Feature", "geometry": {"type": "Point", "coordinates": [120.45422, 23.481729]}, "properties": {"category": "公共廁所", "name": "財稅局1F東側性別友善廁所", "address": "嘉義市東區中山里中山路154號", "toilet_type": "性別友善廁所", "baby_station": false}}, {"type": "Feature", "geometry": {"type": "Point", "coordinates": [120.4413646, 23.47925159]}, "properties": {"category": "親子廁所", "name": "嘉義火車站親子廁", "address": "嘉義市西區番社里中山路528號", "toilet_type": "親子廁所", "baby_station": true}}, {"type": "Feature", "geometry": {"type": "Point", "coordinates": [120.4413646, 23.47925159]}, "properties": {"category": "公共廁所", "name": "嘉義火車站無障礙廁所", "address": "嘉義市西區番社里中山路528號", "toilet_type": "無障礙廁所", "baby_station": false}}, {"type": "Feature", "geometry": {"type": "Point", "coordinates": [120.441352, 23.473393]}, "properties": {"category": "公共廁所", "name": "新光三越百貨2F男", "address": "嘉義市西區永和里垂楊路726號", "toilet_type": "男廁所", "baby_station": false}}, {"type": "Feature", "geometry": {"type": "Point", "coordinates": [120.441352, 23.473393]}, "properties": {"category": "公共廁所", "name": "新光三越百貨3F男", "address": "嘉義市西區永和里垂楊路726號", "toilet_type": "男廁所", "baby_station": false}}, {"type": "Feature", "geometry": {"type": "Point", "coordinates": [120.441352, 23.473393]}, "properties": {"category": "公共廁所", "name": "新光三越百貨4F男", "address": "嘉義市西區永和里垂楊路726號", "toilet_type": "男廁所", "baby_station": false}}, {"type": "Feature", "geometry": {"type": "Point", "coordinates": [120.439505, 23.467469]}, "properties": {"category": "公共廁所", "name": "興嘉公園男廁", "address": "嘉義市西區車店里興業路、南京路口", "toilet_type": "男廁所", "baby_station": false}}, {"type": "Feature", "geometry": {"type": "Point", "coordinates": [120.439505, 23.467469]}, "properties": {"category": "親子廁所", "name": "興嘉公園女廁", "address": "嘉義市西區車店里興業路、南京路口", "toilet_type": "女廁所", "baby_station": true}}, {"type": "Feature", "geometry": {"type": "Point", "coordinates": [120.439505, 23.467469]}, "properties": {"category": "公共廁所", "name": "興嘉公園無障礙廁所", "address": "嘉義市西區車店里興業路、南京路口", "toilet_type": "無障礙廁所", "baby_station": false}}, {"type": "Feature", "geometry": {"type": "Point", "coordinates": [120.40994, 23.488659]}, "properties": {"category": "公共廁所", "name": "台灣中油嘉港加油站男廁", "address": "嘉義市西區下埤里北港路960號", "toilet_type": "男廁所", "baby_station": false}}, {"type": "Feature", "geometry": {"type": "Point", "coordinates": [120.40994, 23.488659]}, "properties": {"category": "公共廁所", "name": "台灣中油嘉港加油站女廁", "address": "嘉義市西區下埤里北港路960號", "toilet_type": "女廁所", "baby_station": false}}, {"type": "Feature", "geometry": {"type": "Point", "coordinates": [120.435379, 23.4645]}, "properties": {"category": "公共廁所", "name": "西區區公所無障礙廁所", "address": "嘉義市西區福民里錦州二街28號", "toilet_type": "無障礙廁所", "baby_station": false}}, {"type": "Feature", "geometry": {"type": "Point", "coordinates": [120.45403, 23.46903]}, "properties": {"category": "公共廁所", "name": "台灣中油吳鳳路加油站無障礙廁所", "address": "嘉義市東區安業里吳鳳南路92號", "toilet_type": "無障礙廁所", "baby_station": false}}, {"type": "Feature", "geometry": {"type": "Point", "coordinates": [120.459779, 23.471699]}, "properties": {"category": "公共廁所", "name": "青少年服務中心", "address": "嘉義市東區新開里體育路10號", "toilet_type": "混合廁所", "baby_station": false}}, {"type": "Feature", "geometry": {"type": "Point", "coordinates": [120.43133, 23.47137]}, "properties": {"category": "公共廁所", "name": "嘉樂福夜市男廁", "address": "嘉義市西區西平里博愛路二段467號", "toilet_type": "男廁所", "baby_station": false}}, {"type": "Feature", "geometry": {"type": "Point", "coordinates": [120.43133, 23.47137]}, "properties": {"category": "公共廁所", "name": "嘉樂福夜市女廁", "address": "嘉義市西區西平里博愛路二段467號", "toilet_type": "女廁所", "baby_station": false}}, {"type": "Feature", "geometry": {"type": "Point", "coordinates": [120.39773, 23.491474]}, "properties": {"category": "公共廁所", "name": "果菜市場1F女廁", "address": "嘉義市西區竹村里埤竹路50號", "toilet_type": "女廁所", "baby_station": false}}, {"type": "Feature", "geometry": {"type": "Point", "coordinates": [120.39773, 23.491474]}, "properties": {"category": "公共廁所", "name": "果菜市場1F男廁", "address": "嘉義市西區竹村里埤竹路50號", "toilet_type": "男廁所", "baby_station": false}}, {"type": "Feature", "geometry": {"type": "Point", "coordinates": [120.39773, 23.491474]}, "properties": {"category": "公共廁所", "name": "果菜市場1F無障礙廁所", "address": "嘉義市西區竹村里埤竹路50號", "toilet_type": "無障礙廁所", "baby_station": false}}, {"type": "Feature", "geometry": {"type": "Point", "coordinates": [120.46629, 23.476849]}, "properties": {"category": "公共廁所", "name": "東區衛生所多功能無障礙廁所", "address": "嘉義市東區短竹里大雅路二段625號", "toilet_type": "無障礙廁所", "baby_station": false}}, {"type": "Feature", "geometry": {"type": "Point", "coordinates": [120.46629, 23.476849]}, "properties": {"category": "公共廁所", "name": "東區衛生所性別友善廁所", "address": "嘉義市東區短竹里大雅路二段625號", "toilet_type": "性別友善廁所", "baby_station": false}}, {"type": "Feature", "geometry": {"type": "Point", "coordinates": [120.43119, 23.479949]}, "properties": {"category": "公共廁所", "name": "衛生局親子廁所", "address": "嘉義市西區福全里德明路1號", "toilet_type": "親子廁所", "baby_station": false}}, {"type": "Feature", "geometry": {"type": "Point", "coordinates": [120.4363, 23.47477]}, "properties": {"category": "親子廁所", "name": "番仔溝公園無障礙廁所", "address": "嘉義市西區西平里嘉雄陸橋下", "toilet_type": "無障礙廁所", "baby_station": true}}, {"type": "Feature", "geometry": {"type": "Point", "coordinates": [120.462856, 23.476551]}, "properties": {"category": "親子廁所", "name": "228公園無障礙廁所", "address": "嘉義市東區東川里大雅路二段695號", "toilet_type": "無障礙廁所", "baby_station": true}}, {"type": "Feature", "geometry": {"type": "Point", "coordinates": [120.451166, 23.500603]}, "properties": {"category": "公共廁所", "name": "嘉北火車站-男廁", "address": "嘉義市東區後湖里保建街110號", "toilet_type": "男廁所", "baby_station": false}}, {"type": "Feature", "geometry": {"type": "Point", "coordinates": [120.451166, 23.500603]}, "properties": {"category": "公共廁所", "name": "嘉北火車站-女廁", "address": "嘉義市東區後湖里保建街110號", "toilet_type": "女廁所", "baby_station": false}}, {"type": "Feature", "geometry": {"type": "Point", "coordinates": [120.451166, 23.500603]}, "properties": {"category": "公共廁所", "name": "嘉北火車站-無障礙廁所", "address": "嘉義市東區後湖里保建街110號", "toilet_type": "無障礙廁所", "baby_station": false}}, {"type": "Feature", "geometry": {"type": "Point", "coordinates": [120.43564, 23.49324]}, "properties": {"category": "公共廁所", "name": "保安攤販集中場-男廁", "address": "嘉義市西區保生里保安一路236號", "toilet_type": "男廁所", "baby_station": false}}, {"type": "Feature", "geometry": {"type": "Point", "coordinates": [120.43564, 23.49324]}, "properties": {"category": "公共廁所", "name": "保安攤販集中場-女廁", "address": "嘉義市西區保生里保安一路236號", "toilet_type": "女廁所", "baby_station": false}}, {"type": "Feature", "geometry": {"type": "Point", "coordinates": [120.435379, 23.4645]}, "properties": {"category": "公共廁所", "name": "西區戶政事務所-性別友善廁所", "address": "嘉義市西區福民里錦州二街28號", "toilet_type": "性別友善廁所", "baby_station": false}}, {"type": "Feature", "geometry": {"type": "Point", "coordinates": [120.45253, 23.48768]}, "properties": {"category": "公共廁所", "name": "文化中心音樂廳男廁", "address": "嘉義市東區北門里忠孝路275號", "toilet_type": "男廁所", "baby_station": false}}, {"type": "Feature", "geometry": {"type": "Point", "coordinates": [120.397576, 23.492276]}, "properties": {"category": "公共廁所", "name": "台亞嘉義交流道站男廁", "address": "嘉義市西區竹村里北港路1062號", "toilet_type": "男廁所", "baby_station": false}}, {"type": "Feature", "geometry": {"type": "Point", "coordinates": [120.397576, 23.492276]}, "properties": {"category": "公共廁所", "name": "台亞嘉義交流道站女廁", "address": "嘉義市西區竹村里北港路1062號", "toilet_type": "女廁所", "baby_station": false}}, {"type": "Feature", "geometry": {"type": "Point", "coordinates": [120.397576, 23.492276]}, "properties": {"category": "公共廁所", "name": "台亞嘉義交流站無障礙廁所", "address": "嘉義市西區竹村里北港路1062號", "toilet_type": "無障礙廁所", "baby_station": false}}, {"type": "Feature", "geometry": {"type": "Point", "coordinates": [120.419281, 23.481871]}, "properties": {"category": "公共廁所", "name": "台亞嘉義高鐵大道站男廁", "address": "嘉義市西區大溪里高鐵大道271號", "toilet_type": "男廁所", "baby_station": false}}, {"type": "Feature", "geometry": {"type": "Point", "coordinates": [120.419281, 23.481871]}, "properties": {"category": "公共廁所", "name": "台亞嘉義高鐵大道站女廁", "address": "嘉義市西區大溪里高鐵大道271號", "toilet_type": "女廁所", "baby_station": false}}, {"type": "Feature", "geometry": {"type": "Point", "coordinates": [120.419281, 23.481871]}, "properties": {"category": "公共廁所", "name": "台亞嘉義高鐵大道站無障礙廁所", "address": "嘉義市西區大溪里高鐵大道271號", "toilet_type": "無障礙廁所", "baby_station": false}}, {"type": "Feature", "geometry": {"type": "Point", "coordinates": [120.4493406, 23.49253945]}, "properties": {"category": "公共廁所", "name": "北香湖公園4號男廁", "address": "嘉義市西區香湖里文化路552號", "toilet_type": "男廁所", "baby_station": false}}, {"type": "Feature", "geometry": {"type": "Point", "coordinates": [120.4493406, 23.49253945]}, "properties": {"category": "公共廁所", "name": "北香湖公園4號女廁", "address": "嘉義市西區香湖里文化路552號", "toilet_type": "女廁所", "baby_station": false}}, {"type": "Feature", "geometry": {"type": "Point", "coordinates": [120.4493406, 23.49253945]}, "properties": {"category": "親子廁所", "name": "北香湖公園4號無障礙廁所", "address": "嘉義市西區香湖里文化路552號", "toilet_type": "無障礙廁所", "baby_station": true}}, {"type": "Feature", "geometry": {"type": "Point", "coordinates": [120.4473102, 23.48976959]}, "properties": {"category": "公共廁所", "name": "北香湖公園3號男廁", "address": "嘉義市西區香湖里文化路552號", "toilet_type": "男廁所", "baby_station": false}}, {"type": "Feature", "geometry": {"type": "Point", "coordinates": [120.4473102, 23.48976959]}, "properties": {"category": "親子廁所", "name": "北香湖公園3號女廁", "address": "嘉義市西區香湖里文化路552號", "toilet_type": "女廁所", "baby_station": true}}, {"type": "Feature", "geometry": {"type": "Point", "coordinates": [120.4473102, 23.48976959]}, "properties": {"category": "公共廁所", "name": "北香湖公園3號無障礙廁所", "address": "嘉義市西區香湖里文化路552號", "toilet_type": "無障礙廁所", "baby_station": false}}, {"type": "Feature", "geometry": {"type": "Point", "coordinates": [120.438177, 23.45032]}, "properties": {"category": "公共廁所", "name": "湖美夜市男女廁", "address": "嘉義市西區湖內里湖美八路與健康二路口", "toilet_type": "混合廁所", "baby_station": false}}, {"type": "Feature", "geometry": {"type": "Point", "coordinates": [120.452734, 23.476438]}, "properties": {"category": "公共廁所", "name": "嘉義in89豪華影城2F男廁", "address": "嘉義市東區過溝里民族路328號", "toilet_type": "男廁所", "baby_station": false}}, {"type": "Feature", "geometry": {"type": "Point", "coordinates": [120.452734, 23.476438]}, "properties": {"category": "公共廁所", "name": "嘉義in89豪華影城2F女廁", "address": "嘉義市東區過溝里民族路328號", "toilet_type": "女廁所", "baby_station": false}}, {"type": "Feature", "geometry": {"type": "Point", "coordinates": [120.452734, 23.476438]}, "properties": {"category": "公共廁所", "name": "嘉義in89豪華影城2F親子廁所", "address": "嘉義市東區過溝里民族路328號", "toilet_type": "親子廁所", "baby_station": false}}, {"type": "Feature", "geometry": {"type": "Point", "coordinates": [120.452734, 23.476438]}, "properties": {"category": "公共廁所", "name": "嘉義in89豪華影城3F男廁", "address": "嘉義市東區過溝里民族路328號", "toilet_type": "男廁所", "baby_station": false}}, {"type": "Feature", "geometry": {"type": "Point", "coordinates": [120.452734, 23.476438]}, "properties": {"category": "公共廁所", "name": "嘉義in89豪華影城3F女廁", "address": "嘉義市東區過溝里民族路328號", "toilet_type": "女廁所", "baby_station": false}}, {"type": "Feature", "geometry": {"type": "Point", "coordinates": [120.452734, 23.476438]}, "properties": {"category": "公共廁所", "name": "嘉義in89豪華影城3F親子廁所", "address": "嘉義市東區過溝里民族路328號", "toilet_type": "親子廁所", "baby_station": false}}, {"type": "Feature", "geometry": {"type": "Point", "coordinates": [120.452734, 23.476438]}, "properties": {"category": "公共廁所", "name": "嘉義in89豪華影城3F無障礙廁所", "address": "嘉義市東區過溝里民族路328號", "toilet_type": "無障礙廁所", "baby_station": false}}, {"type": "Feature", "geometry": {"type": "Point", "coordinates": [120.452734, 23.476438]}, "properties": {"category": "公共廁所", "name": "嘉義in89豪華影城4F男廁", "address": "嘉義市東區過溝里民族路328號", "toilet_type": "男廁所", "baby_station": false}}, {"type": "Feature", "geometry": {"type": "Point", "coordinates": [120.452734, 23.476438]}, "properties": {"category": "公共廁所", "name": "嘉義in89豪華影城4F女廁", "address": "嘉義市東區過溝里民族路328號", "toilet_type": "女廁所", "baby_station": false}}, {"type": "Feature", "geometry": {"type": "Point", "coordinates": [120.452734, 23.476438]}, "properties": {"category": "公共廁所", "name": "嘉義in89豪華影城4F無障礙廁所", "address": "嘉義市東區過溝里民族路328號", "toilet_type": "無障礙廁所", "baby_station": false}}, {"type": "Feature", "geometry": {"type": "Point", "coordinates": [120.452734, 23.476438]}, "properties": {"category": "公共廁所", "name": "嘉義in89豪華影城5F男廁", "address": "嘉義市東區過溝里民族路328號", "toilet_type": "男廁所", "baby_station": false}}, {"type": "Feature", "geometry": {"type": "Point", "coordinates": [120.452734, 23.476438]}, "properties": {"category": "公共廁所", "name": "嘉義in89豪華影城5F親子廁所", "address": "嘉義市東區過溝里民族路328號", "toilet_type": "親子廁所", "baby_station": false}}, {"type": "Feature", "geometry": {"type": "Point", "coordinates": [120.452734, 23.476438]}, "properties": {"category": "公共廁所", "name": "嘉義in89豪華影城6F男廁", "address": "嘉義市東區過溝里民族路328號", "toilet_type": "男廁所", "baby_station": false}}, {"type": "Feature", "geometry": {"type": "Point", "coordinates": [120.452734, 23.476438]}, "properties": {"category": "公共廁所", "name": "嘉義in89豪華影城6F女廁", "address": "嘉義市東區過溝里民族路328號", "toilet_type": "女廁所", "baby_station": false}}, {"type": "Feature", "geometry": {"type": "Point", "coordinates": [120.452734, 23.476438]}, "properties": {"category": "公共廁所", "name": "嘉義in89豪華影城6F無障礙廁所", "address": "嘉義市東區過溝里民族路328號", "toilet_type": "無障礙廁所", "baby_station": false}}, {"type": "Feature", "geometry": {"type": "Point", "coordinates": [120.452734, 23.476438]}, "properties": {"category": "公共廁所", "name": "嘉義in89豪華影城7F男廁", "address": "嘉義市東區過溝里民族路328號", "toilet_type": "男廁所", "baby_station": false}}, {"type": "Feature", "geometry": {"type": "Point", "coordinates": [120.452734, 23.476438]}, "properties": {"category": "公共廁所", "name": "嘉義in89豪華影城7F女廁", "address": "嘉義市東區過溝里民族路328號", "toilet_type": "女廁所", "baby_station": false}}, {"type": "Feature", "geometry": {"type": "Point", "coordinates": [120.452734, 23.476438]}, "properties": {"category": "公共廁所", "name": "嘉義in89豪華影城7F無障礙廁所", "address": "嘉義市東區過溝里民族路328號", "toilet_type": "無障礙廁所", "baby_station": false}}, {"type": "Feature", "geometry": {"type": "Point", "coordinates": [120.452734, 23.476438]}, "properties": {"category": "公共廁所", "name": "嘉義in89豪華影城8F男廁", "address": "嘉義市東區過溝里民族路328號", "toilet_type": "男廁所", "baby_station": false}}, {"type": "Feature", "geometry": {"type": "Point", "coordinates": [120.452734, 23.476438]}, "properties": {"category": "公共廁所", "name": "嘉義in89豪華影城8F女廁", "address": "嘉義市東區過溝里民族路328號", "toilet_type": "女廁所", "baby_station": false}}, {"type": "Feature", "geometry": {"type": "Point", "coordinates": [120.452734, 23.476438]}, "properties": {"category": "公共廁所", "name": "嘉義in89豪華影城8F親子廁所", "address": "嘉義市東區過溝里民族路328號", "toilet_type": "親子廁所", "baby_station": false}}, {"type": "Feature", "geometry": {"type": "Point", "coordinates": [120.437299, 23.4785]}, "properties": {"category": "公共廁所", "name": "大潤發B1男廁", "address": "嘉義市西區後驛里博愛路二段281號", "toilet_type": "男廁所", "baby_station": false}}, {"type": "Feature", "geometry": {"type": "Point", "coordinates": [120.437299, 23.4785]}, "properties": {"category": "公共廁所", "name": "大潤發B1女廁", "address": "嘉義市西區後驛里博愛路二段281號", "toilet_type": "女廁所", "baby_station": false}}, {"type": "Feature", "geometry": {"type": "Point", "coordinates": [120.4654859, 23.47666825]}, "properties": {"category": "公共廁所", "name": "嘉義縣公車大雅站男廁", "address": "嘉義市東區東川里大雅路二段635號", "toilet_type": "男廁所", "baby_station": false}}, {"type": "Feature", "geometry": {"type": "Point", "coordinates": [120.4654859, 23.47666825]}, "properties": {"category": "公共廁所", "name": "嘉義縣公車大雅站女廁", "address": "嘉義市東區東川里大雅路二段635號", "toilet_type": "女廁所", "baby_station": false}}, {"type": "Feature", "geometry": {"type": "Point", "coordinates": [120.4654859, 23.47666825]}, "properties": {"category": "公共廁所", "name": "嘉義縣公車大雅站無障礙廁所", "address": "嘉義市東區東川里大雅路二段635號", "toilet_type": "無障礙廁所", "baby_station": false}}, {"type": "Feature", "geometry": {"type": "Point", "coordinates": [120.4374471, 23.4582479]}, "properties": {"category": "公共廁所", "name": "嘉油鐵馬道男廁", "address": "嘉義市西區紅瓦里南京路209號", "toilet_type": "男廁所", "baby_station": false}}, {"type": "Feature", "geometry": {"type": "Point", "coordinates": [120.4374471, 23.4582479]}, "properties": {"category": "公共廁所", "name": "嘉油鐵馬道女廁", "address": "嘉義市西區紅瓦里南京路209號", "toilet_type": "女廁所", "baby_station": false}}, {"type": "Feature", "geometry": {"type": "Point", "coordinates": [120.4374471, 23.4582479]}, "properties": {"category": "親子廁所", "name": "嘉油鐵馬道無障礙廁", "address": "嘉義市西區紅瓦里南京路209號", "toilet_type": "無障礙廁所", "baby_station": true}}, {"type": "Feature", "geometry": {"type": "Point", "coordinates": [120.463989, 23.482255]}, "properties": {"category": "公共廁所", "name": "KANO遊客中心男廁", "address": "嘉義市東區東川里山子頂269號", "toilet_type": "男廁所", "baby_station": false}}, {"type": "Feature", "geometry": {"type": "Point", "coordinates": [120.463989, 23.482255]}, "properties": {"category": "公共廁所", "name": "KANO遊客中心女廁", "address": "嘉義市東區東川里山子頂269號", "toilet_type": "女廁所", "baby_station": false}}, {"type": "Feature", "geometry": {"type": "Point", "coordinates": [120.463989, 23.482255]}, "properties": {"category": "公共廁所", "name": "KANO遊客中心無障礙廁", "address": "嘉義市東區東川里山子頂269號", "toilet_type": "無障礙廁所", "baby_station": false}}, {"type": "Feature", "geometry": {"type": "Point", "coordinates": [120.448315, 23.453402]}, "properties": {"category": "公共廁所", "name": "湖子內公園管理中心男廁", "address": "嘉義市西區湖內里環湖路92號", "toilet_type": "男廁所", "baby_station": false}}, {"type": "Feature", "geometry": {"type": "Point", "coordinates": [120.448315, 23.453402]}, "properties": {"category": "公共廁所", "name": "湖子內公園管理中心女廁", "address": "嘉義市西區湖內里環湖路92號", "toilet_type": "女廁所", "baby_station": false}}, {"type": "Feature", "geometry": {"type": "Point", "coordinates": [120.448315, 23.453402]}, "properties": {"category": "公共廁所", "name": "湖子內公園管理中心無障礙廁", "address": "嘉義市西區湖內里環湖路92號", "toilet_type": "無障礙廁所", "baby_station": false}}, {"type": "Feature", "geometry": {"type": "Point", "coordinates": [120.448315, 23.453402]}, "properties": {"category": "公共廁所", "name": "湖子內公園管理中心親子廁", "address": "嘉義市西區湖內里環湖路92號", "toilet_type": "親子廁所", "baby_station": false}}, {"type": "Feature", "geometry": {"type": "Point", "coordinates": [120.447119, 23.451067]}, "properties": {"category": "公共廁所", "name": "湖子內公園中側男廁", "address": "嘉義市西區湖內里湖美一路與健康十街交叉口", "toilet_type": "男廁所", "baby_station": false}}, {"type": "Feature", "geometry": {"type": "Point", "coordinates": [120.447119, 23.451067]}, "properties": {"category": "公共廁所", "name": "湖子內公園中側女廁", "address": "嘉義市西區湖內里湖美一路與健康十街交叉口", "toilet_type": "女廁所", "baby_station": false}}, {"type": "Feature", "geometry": {"type": "Point", "coordinates": [120.447119, 23.451067]}, "properties": {"category": "公共廁所", "name": "湖子內公園中側無障礙廁", "address": "嘉義市西區湖內里湖美一路與健康十街交叉口", "toilet_type": "無障礙廁所", "baby_station": false}}, {"type": "Feature", "geometry": {"type": "Point", "coordinates": [120.447076, 23.448503]}, "properties": {"category": "公共廁所", "name": "湖子內公園南側1男廁", "address": "嘉義市西區湖內里湖美一路與健康五街交叉口", "toilet_type": "男廁所", "baby_station": false}}, {"type": "Feature", "geometry": {"type": "Point", "coordinates": [120.447076, 23.448503]}, "properties": {"category": "公共廁所", "name": "湖子內公園南側1女廁", "address": "嘉義市西區湖內里湖美一路與健康五街交叉口", "toilet_type": "女廁所", "baby_station": false}}, {"type": "Feature", "geometry": {"type": "Point", "coordinates": [120.447076, 23.448503]}, "properties": {"category": "公共廁所", "name": "湖子內公園南側1無障礙廁", "address": "嘉義市西區湖內里湖美一路與健康五街交叉口", "toilet_type": "無障礙廁所", "baby_station": false}}, {"type": "Feature", "geometry": {"type": "Point", "coordinates": [120.444622, 23.443771]}, "properties": {"category": "公共廁所", "name": "湖子內公園南側2男廁", "address": "嘉義市西區湖內里湖美三路與環湖路旁交叉口", "toilet_type": "男廁所", "baby_station": false}}, {"type": "Feature", "geometry": {"type": "Point", "coordinates": [120.444622, 23.443771]}, "properties": {"category": "公共廁所", "name": "湖子內公園南側2女廁", "address": "嘉義市西區湖內里湖美三路與環湖路旁交叉口", "toilet_type": "女廁所", "baby_station": false}}, {"type": "Feature", "geometry": {"type": "Point", "coordinates": [120.444622, 23.443771]}, "properties": {"category": "公共廁所", "name": "湖子內公園南側2無障礙廁", "address": "嘉義市西區湖內里湖美三路與環湖路旁交叉口", "toilet_type": "無障礙廁所", "baby_station": false}}, {"type": "Feature", "geometry": {"type": "Point", "coordinates": [120.440497, 23.476917]}, "properties": {"category": "公共廁所", "name": "嘉義市立美術館本館1F男廁", "address": "嘉義市西區書院里廣寧街101號", "toilet_type": "男廁所", "baby_station": false}}, {"type": "Feature", "geometry": {"type": "Point", "coordinates": [120.440497, 23.476917]}, "properties": {"category": "公共廁所", "name": "嘉義市立美術館本館1F女廁", "address": "嘉義市西區書院里廣寧街101號", "toilet_type": "女廁所", "baby_station": false}}, {"type": "Feature", "geometry": {"type": "Point", "coordinates": [120.440497, 23.476917]}, "properties": {"category": "公共廁所", "name": "嘉義市立美術館本館1F無障礙廁", "address": "嘉義市西區書院里廣寧街101號", "toilet_type": "無障礙廁所", "baby_station": false}}, {"type": "Feature", "geometry": {"type": "Point", "coordinates": [120.440497, 23.476917]}, "properties": {"category": "公共廁所", "name": "嘉義市立美術館本館2F男廁", "address": "嘉義市西區書院里廣寧街101號", "toilet_type": "男廁所", "baby_station": false}}, {"type": "Feature", "geometry": {"type": "Point", "coordinates": [120.440497, 23.476917]}, "properties": {"category": "公共廁所", "name": "嘉義市立美術館本館2F女廁", "address": "嘉義市西區書院里廣寧街101號", "toilet_type": "女廁所", "baby_station": false}}, {"type": "Feature", "geometry": {"type": "Point", "coordinates": [120.440497, 23.476917]}, "properties": {"category": "公共廁所", "name": "嘉義市立美術館本館2F無障礙廁", "address": "嘉義市西區書院里廣寧街101號", "toilet_type": "無障礙廁所", "baby_station": false}}, {"type": "Feature", "geometry": {"type": "Point", "coordinates": [120.440497, 23.476917]}, "properties": {"category": "公共廁所", "name": "嘉義市立美術館本館3F男廁", "address": "嘉義市西區書院里廣寧街101號", "toilet_type": "男廁所", "baby_station": false}}, {"type": "Feature", "geometry": {"type": "Point", "coordinates": [120.440497, 23.476917]}, "properties": {"category": "公共廁所", "name": "嘉義市立美術館本館3F女廁", "address": "嘉義市西區書院里廣寧街101號", "toilet_type": "女廁所", "baby_station": false}}, {"type": "Feature", "geometry": {"type": "Point", "coordinates": [120.440497, 23.476917]}, "properties": {"category": "公共廁所", "name": "嘉義市立美術館本館3F無障礙廁", "address": "嘉義市西區書院里廣寧街101號", "toilet_type": "無障礙廁所", "baby_station": false}}, {"type": "Feature", "geometry": {"type": "Point", "coordinates": [120.440704, 23.477184]}, "properties": {"category": "公共廁所", "name": "嘉義市立美術館古蹟棟1F男廁", "address": "嘉義市西區書院里廣寧街101號", "toilet_type": "男廁所", "baby_station": false}}, {"type": "Feature", "geometry": {"type": "Point", "coordinates": [120.440704, 23.477184]}, "properties": {"category": "公共廁所", "name": "嘉義市立美術館古蹟棟1F女廁", "address": "嘉義市西區書院里廣寧街101號", "toilet_type": "女廁所", "baby_station": false}}, {"type": "Feature", "geometry": {"type": "Point", "coordinates": [120.440704, 23.477184]}, "properties": {"category": "公共廁所", "name": "嘉義市立美術館古蹟棟1F親子廁", "address": "嘉義市西區書院里廣寧街101號", "toilet_type": "親子廁所", "baby_station": false}}]}